000001
000002
000003
000005
000006
000008
000012
000015
000016
000017
000018
000019
000020
000023
000024
000025
000026
000029
000031
000034
000035
000039
000041
000044
000045
000046
000050
000051
000053
000054
000056
000057
000059
000063
000064
000069
000071
000075
000076
000077
000078
000079
000081
000082
000085
000086
000091
000093
000095
000096
000098
000099
000100
000101
000102
000104
000105
000107
000108
000109
000112
000113
000115
000117
000120
000121
000124
000125
000126
000127
000128
000132
000134
000136
000138
000139
000143
000144
000146
000147
000148
000149
000154
000155
000157
000158
000159
000161
000164
000165
000168
000169
000171
000172
000173
000177
000178
000179
000181
000186
000187
000189
000191
000192
000194
000197
000198
000201
000204
000205
000206
000211
000212
000218
000219
000220
000222
000223
000224
000226
000227
000229
000230
000231
000232
000233
000234
000240
000242
000243
000244
000245
000247
000248
000249
000250
000251
000252
000255
000259
000260
000262
000264
000266
000267
000270
000272
000273
000274
000279
000283
000284
000285
000286
000287
000289
000290
000291
000293
000294
000295
000296
000297
000298
000299
000301
000302
000303
000306
000307
000310
000314
000316
000318
000321
000323
000327
000329
000330
000331
000334
000335
000336
000337
000338
000340
000342
000343
000346
000348
000350
000351
000353
000354
000355
000357
000360
000365
000367
000368
000370
000372
000373
000374
000375
000376
000377
000378
000379
000382
000383
000384
000385
000387
000390
000394
000395
000400
000404
000405
000408
000410
000412
000414
000416
000417
000419
000420
000421
000422
000423
000424
000425
000426
000427
000428
000429
000431
000434
000436
000437
000438
000440
000445
000446
000448
000449
000450
000451
000452
000453
000454
000455
000456
000461
000464
000470
000471
000472
000473
000474
000476
000477
000479
000486
000487
000488
000489
000491
000492
000495
000496
000497
000499
000500
000501
000502
000503
000504
000505
000507
000508
000509
000511
000513
000515
000516
000517
000518
000519
000522
000523
000525
000527
000531
000534
000536
000538
000539
000542
000544
000548
000549
000551
000553
000555
000559
000565
000569
000570
000574
000575
000576
000579
000580
000581
000582
000584
000589
000590
000593
000598
000599
000601
000602
000604
000606
000609
000610
000611
000619
000622
000623
000624
000626
000627
000629
000630
000631
000632
000634
000636
000637
000638
000639
000641
000643
000644
000645
000648
000649
000650
000651
000652
000653
000658
000659
000660
000661
000662
000663
000664
000666
000667
000669
000671
000672
000673
000674
000676
000677
000678
000679
000680
000682
000684
000685
000686
000688
000690
000691
000693
000694
000695
000697
000698
000699
000701
000703
000706
000708
000709
000713
000716
000718
000719
000722
000724
000729
000730
000732
000733
000739
000746
000748
000749
000751
000752
000753
000754
000755
000756
000757
000758
000759
000762
000764
000765
000766
000767
000770
000771
000773
000776
000778
000782
000786
000789
000793
000802
000803
000805
000807
000808
000811
000813
000814
000816
000817
000818
000820
000822
000824
000826
000827
000831
000834
000838
000839
000841
000842
000843
000847
000849
000852
000855
000857
000859
000861
000863
000865
000867
000869
000870
000872
000873
000874
000876
000877
000878
000881
000882
000883
000886
000887
000888
000890
000894
000896
000897
000901
000902
000904
000906
000910
000911
000912
000914
000915
000916
000917
000918
000919
000922
000923
000924
000928
000929
000931
000933
000934
000935
000936
000937
000939
000941
000944
000945
000949
000950
000953
000959
000961
000962
000964
000968
000970
000973
000975
000977
000978
000979
000980
000982
000984
000985
000986
000988
000992
000993
000996
000997
000999
001002
001004
001005
001010
001019
001020
001021
001022
001023
001025
001026
001029
001030
001031
001033
001034
001035
001036
001037
001038
001039
001042
001045
001046
001047
001048
001051
001052
001057
001058
001061
001064
001069
001070
001071
001072
001073
001076
001077
001078
001079
001081
001082
001085
001087
001090
001094
001095
001096
001098
001099
001101
001103
001104
001109
001110
001111
001113
001115
001117
001118
001120
001122
001124
001126
001127
001128
001129
001130
001131
001133
001134
001136
001137
001138
001139
001140
001143
001144
001146
001147
001148
001149
001151
001153
001155
001157
001162
001163
001165
001166
001167
001169
001170
001171
001173
001176
001177
001178
001182
001183
001187
001191
001192
001196
001197
001198
001199
001200
001201
001202
001205
001209
001216
001218
001224
001225
001227
001229
001230
001233
001234
001236
001237
001238
001240
001242
001244
001245
001246
001247
001249
001251
001254
001255
001257
001258
001260
001261
001265
001269
001271
001273
001274
001275
001277
001280
001282
001283
001284
001289
001290
001291
001292
001294
001295
001296
001297
001298
001299
001300
001301
001304
001305
001306
001308
001309
001311
001315
001317
001320
001321
001322
001323
001324
001325
001326
001328
001329
001332
001334
001335
001337
001339
001341
001343
001344
001346
001350
001352
001354
001356
001357
001358
001359
001360
001361
001363
001364
001365
001372
001373
001383
001384
001385
001387
001388
001391
001392
001393
001395
001398
001399
001402
001405
001406
001407
001408
001409
001412
001413
001416
001417
001418
001422
001423
001424
001425
001427
001429
001431
001432
001434
001437
001438
001441
001442
001444
001446
001447
001448
001453
001454
001456
001458
001459
001462
001463
001464
001465
001466
001468
001470
001473
001474
001476
001477
001480
001481
001482
001484
001486
001487
001490
001491
001492
001493
001495
001500
001502
001503
001504
001506
001507
001512
001515
001516
001520
001521
001522
001525
001526
001530
001532
001534
001535
001537
001539
001542
001545
001546
001548
001551
001552
001553
001554
001555
001556
001558
001560
001562
001563
001564
001567
001568
001570
001571
001572
001579
001581
001582
001584
001585
001586
001587
001588
001589
001590
001592
001593
001599
001600
001603
001605
001608
001609
001610
001611
001615
001616
001617
001621
001622
001623
001624
001625
001627
001631
001632
001633
001635
001637
001638
001640
001643
001645
001646
001653
001655
001656
001657
001658
001662
001663
001665
001666
001667
001668
001669
001670
001671
001673
001674
001676
001677
001678
001683
001684
001686
001690
001691
001692
001693
001694
001696
001698
001699
001701
001702
001704
001709
001715
001716
001717
001720
001722
001723
001724
001725
001726
001731
001732
001734
001735
001736
001738
001739
001740
001742
001743
001744
001745
001748
001749
001751
001752
001753
001755
001756
001758
001761
001762
001763
001767
001770
001774
001775
001777
001779
001780
001782
001785
001789
001790
001792
001795
001796
001800
001801
001803
001806
001808
001810
001812
001814
001818
001820
001822
001823
001828
001829
001831
001832
001835
001836
001838
001839
001840
001842
001843
001844
001851
001852
001853
001854
001855
001858
001860
001861
001862
001864
001866
001867
001869
001872
001875
001878
001879
001882
001885
001889
001891
001892
001894
001896
001897
001898
001900
001903
001904
001906
001911
001914
001915
001922
001924
001925
001926
001927
001930
001931
001933
001937
001939
001941
001944
001948
001950
001952
001954
001957
001958
001962
001968
001969
001970
001971
001972
001973
001976
001977
001978
001979
001981
001982
001985
001988
001989
001991
001993
001995
001996
001997
002002
002003
002004
002005
002006
002008
002010
002012
002014
002016
002017
002018
002021
002022
002024
002025
002027
002028
002029
002031
002033
002036
002037
002040
002041
002042
002044
002045
002048
002051
002052
002054
002055
002057
002058
002059
002060
002061
002062
002065
002070
002071
002072
002073
002074
002076
002077
002079
002085
002086
002087
002089
002090
002091
002092
002094
002095
002099
002100
002104
002106
002107
002111
002118
002119
002120
002121
002122
002126
002127
002132
002133
002134
002135
002136
002138
002139
002141
002142
002143
002145
002146
002148
002149
002150
002152
002153
002155
002158
002167
002168
002169
002170
002171
002177
002178
002179
002181
002182
002183
002185
002186
002187
002188
002190
002197
002203
002204
002205
002206
002208
002210
002212
002213
002214
002215
002216
002218
002219
002220
002221
002223
002224
002225
002226
002227
002230
002232
002234
002236
002237
002238
002244
002245
002246
002247
002248
002249
002250
002252
002254
002257
002259
002260
002261
002263
002264
002270
002277
002278
002281
002282
002284
002287
002290
002291
002292
002296
002297
002298
002299
002303
002304
002305
002306
002308
002309
002311
002313
002317
002318
002320
002323
002324
002325
002327
002331
002333
002334
002336
002337
002339
002340
002341
002342
002343
002344
002347
002348
002349
002352
002355
002356
002357
002361
002362
002363
002364
002366
002369
002370
002371
002372
002374
002376
002377
002379
002381
002382
002383
002387
002389
002391
002392
002393
002398
002399
002400
002407
002409
002411
002412
002413
002414
002417
002418
002419
002421
002422
002423
002427
002428
002430
002431
002432
002433
002434
002437
002439
002442
002444
002445
002446
002447
002449
002450
002451
002454
002455
002456
002457
002459
002460
002461
002463
002468
002474
002475
002476
002477
002478
002479
002481
002483
002484
002487
002488
002489
002493
002497
002501
002506
002508
002509
002511
002513
002521
002522
002523
002527
002529
002530
002532
002533
002534
002535
002537
002538
002542
002543
002545
002547
002548
002552
002554
002555
002558
002559
002561
002562
002563
002564
002565
002566
002568
002570
002571
002573
002577
002579
002580
002581
002582
002585
002586
002587
002589
002590
002591
002592
002594
002595
002597
002598
002600
002603
002605
002607
002610
002612
002614
002615
002617
002623
002625
002626
002628
002630
002631
002632
002634
002639
002641
002643
002644
002649
002652
002653
002654
002656
002662
002663
002665
002666
002667
002669
002672
002673
002675
002677
002682
002683
002684
002685
002687
002688
002690
002691
002692
002693
002695
002696
002697
002699
002702
002703
002704
002705
002709
002710
002715
002720
002722
002723
002725
002726
002729
002730
002731
002732
002733
002734
002737
002738
002740
002746
002747
002748
002751
002754
002755
002756
002759
002760
002764
002765
002766
002775
002776
002777
002778
002779
002780
002782
002783
002785
002787
002789
002793
002795
002798
002799
002802
002806
002807
002809
002810
002816
002817
002818
002821
002822
002825
002833
002834
002837
002839
002842
002843
002847
002848
002850
002851
002852
002854
002855
002861
002862
002863
002864
002865
002869
002870
002871
002872
002874
002875
002876
002877
002879
002882
002883
002886
002887
002888
002889
002890
002891
002895
002899
002900
002901
002902
002903
002906
002907
002909
002914
002917
002918
002919
002922
002924
002925
002926
002927
002929
002932
002936
002939
002940
002942
002944
002945
002947
002948
002949
002950
002953
002955
002956
002958
002960
002961
002963
002964
002965
002966
002967
002968
002972
002973
002976
002977
002978
002984
002986
002988
002989
002992
003001
003002
003005
003008
003009
003010
003014
003015
003017
003019
003020
003023
003024
003025
003027
003028
003029
003031
003035
003036
003038
003039
003040
003045
003046
003047
003048
003049
003051
003052
003055
003058
003059
003060
003062
003064
003065
003066
003067
003068
003070
003071
003073
003075
003077
003082
003083
003084
003085
003086
003091
003092
003095
003096
003097
003098
003099
003100
003101
003103
003104
003107
003108
003110
003111
003112
003116
003119
003120
003121
003122
003125
003130
003135
003136
003138
003140
003144
003145
003146
003147
003148
003149
003153
003154
003155
003156
003157
003162
003163
003165
003166
003169
003172
003173
003174
003176
003178
003180
003183
003184
003187
003188
003190
003191
003192
003193
003194
003195
003196
003197
003199
003200
003201
003202
003206
003207
003208
003210
003211
003212
003213
003214
003215
003216
003220
003221
003222
003223
003225
003226
003227
003229
003230
003234
003235
003236
003240
003242
003246
003247
003249
003253
003255
003256
003257
003258
003260
003261
003262
003263
003265
003266
003270
003271
003272
003274
003276
003279
003280
003281
003284
003285
003289
003290
003292
003293
003297
003299
003301
003302
003303
003304
003305
003310
003311
003312
003314
003315
003319
003320
003321
003322
003323
003324
003326
003328
003329
003330
003331
003332
003333
003335
003337
003338
003339
003343
003345
003346
003347
003349
003351
003352
003355
003356
003357
003358
003359
003360
003363
003366
003367
003368
003370
003371
003373
003374
003376
003377
003378
003384
003385
003387
003389
003390
003391
003392
003395
003396
003399
003400
003401
003402
003403
003407
003409
003410
003411
003413
003414
003415
003416
003418
003421
003422
003423
003425
003430
003432
003434
003435
003436
003438
003440
003441
003442
003444
003445
003446
003447
003449
003450
003454
003456
003458
003460
003461
003462
003464
003465
003467
003468
003471
003474
003476
003477
003478
003479
003480
003483
003484
003485
003486
003487
003488
003489
003490
003491
003494
003495
003497
003498
003501
003502
003503
003504
003505
003507
003508
003511
003512
003513
003514
003517
003518
003520
003522
003523
003524
003529
003540
003543
003546
003547
003548
003550
003551
003553
003555
003556
003557
003559
003562
003563
003565
003566
003568
003572
003573
003574
003575
003577
003578
003579
003584
003585
003587
003591
003592
003593
003594
003595
003596
003598
003602
003603
003605
003606
003610
003616
003617
003619
003620
003621
003622
003627
003630
003635
003636
003638
003639
003640
003641
003644
003646
003647
003649
003650
003651
003652
003654
003660
003662
003663
003664
003668
003669
003671
003672
003673
003674
003678
003681
003683
003685
003686
003687
003690
003694
003695
003696
003702
003703
003704
003705
003706
003707
003708
003709
003710
003711
003713
003714
003715
003717
003720
003722
003723
003724
003726
003727
003729
003733
003734
003740
003741
003743
003747
003751
003754
003755
003756
003757
003758
003759
003763
003764
003765
003766
003767
003771
003773
003774
003776
003777
003778
003783
003784
003785
003786
003788
003789
003794
003796
003797
003798
003799
003802
003803
003804
003806
003808
003809
003814
003816
003828
003829
003831
003832
003837
003838
003839
003840
003841
003843
003844
003847
003849
003850
003852
003856
003858
003862
003864
003866
003867
003868
003870
003873
003875
003879
003880
003882
003884
003888
003889
003890
003891
003892
003893
003895
003898
003902
003906
003907
003909
003911
003912
003913
003914
003917
003919
003921
003922
003929
003930
003931
003933
003934
003935
003936
003937
003942
003943
003944
003946
003948
003949
003953
003955
003957
003958
003963
003964
003969
003970
003973
003980
003982
003983
003988
003992
003993
003994
003996
003997
003999
004000
004003
004005
004006
004009
004012
004013
004014
004017
004018
004020
004021
004026
004027
004028
004030
004032
004033
004034
004035
004036
004040
004041
004042
004043
004046
004049
004053
004054
004055
004057
004062
004063
004066
004067
004069
004070
004072
004076
004078
004079
004082
004083
004085
004087
004089
004091
004094
004095
004096
004100
004101
004102
004103
004104
004105
004107
004108
004109
004112
004113
004114
004119
004121
004122
004124
004125
004126
004129
004131
004135
004138
004139
004140
004143
004144
004146
004151
004153
004154
004155
004160
004163
004165
004167
004168
004169
004171
004172
004174
004177
004178
004179
004180
004181
004184
004185
004186
004189
004191
004193
004194
004195
004196
004198
004199
004200
004201
004202
004204
004206
004209
004210
004211
004213
004215
004216
004217
004218
004219
004220
004221
004224
004225
004226
004227
004229
004230
004232
004233
004234
004239
004241
004243
004244
004249
004251
004252
004254
004255
004256
004257
004258
004259
004260
004262
004263
004265
004268
004270
004272
004274
004276
004277
004279
004280
004281
004282
004283
004287
004288
004289
004290
004291
004295
004298
004300
004301
004303
004306
004307
004308
004311
004312
004314
004317
004318
004319
004320
004321
004322
004324
004325
004326
004328
004329
004330
004331
004336
004340
004342
004343
004344
004345
004346
004347
004353
004354
004355
004356
004357
004358
004359
004360
004362
004364
004365
004368
004369
004370
004371
004372
004379
004380
004382
004385
004387
004388
004389
004390
004391
004392
004393
004396
004397
004399
004403
004404
004406
004408
004409
004413
004414
004416
004420
004422
004425
004427
004428
004429
004434
004435
004436
004438
004439
004440
004445
004448
004449
004450
004451
004452
004453
004457
004458
004459
004460
004465
004467
004468
004469
004473
004474
004476
004477
004478
004482
004483
004484
004487
004489
004491
004493
004494
004496
004499
004501
004503
004504
004507
004508
004513
004517
004518
004523
004526
004528
004531
004532
004534
004535
004539
004540
004545
004548
004549
004550
004552
004553
004555
004557
004558
004559
004560
004565
004566
004568
004572
004574
004576
004578
004579
004581
004582
004583
004588
004589
004591
004592
004594
004595
004596
004598
004602
004604
004605
004610
004612
004613
004614
004615
004618
004621
004622
004623
004624
004625
004626
004628
004629
004631
004632
004634
004636
004638
004640
004641
004642
004643
004644
004648
004649
004651
004655
004656
004657
004660
004661
004663
004665
004666
004667
004669
004671
004680
004682
004684
004685
004686
004687
004690
004692
004696
004701
004702
004703
004706
004707
004710
004712
004714
004717
004720
004721
004725
004726
004727
004728
004730
004732
004733
004735
004737
004739
004740
004741
004748
004749
004752
004753
004754
004755
004758
004761
004762
004763
004764
004766
004769
004770
004771
004774
004775
004777
004778
004779
004781
004782
004783
004785
004786
004791
004792
004794
004795
004796
004798
004800
004802
004803
004804
004805
004809
004810
004811
004815
004818
004819
004821
004825
004826
004827
004828
004829
004830
004833
004834
004835
004839
004842
004843
004844
004845
004846
004847
004848
004849
004850
004851
004856
004857
004859
004860
004862
004863
004864
004865
004867
004869
004870
004875
004879
004880
004882
004883
004884
004886
004888
004889
004890
004893
004894
004895
004897
004898
004902
004903
004908
004910
004911
004912
004914
004917
004919
004921
004922
004923
004927
004929
004932
004933
004934
004937
004938
004941
004943
004947
004948
004951
004953
004954
004955
004956
004957
004959
004960
004961
004962
004963
004967
004968
004969
004970
004971
004972
004974
004975
004978
004979
004983
004984
004987
004992
004994
004996
004997
004999
005000
005001
005002
005003
005004
005008
005011
005016
005017
005020
005022
005023
005024
005025
005026
005027
005029
005031
005032
005034
005035
005041
005042
005044
005045
005046
005047
005049
005051
005054
005055
005056
005057
005059
005061
005062
005071
005072
005074
005078
005079
005080
005081
005083
005088
005091
005095
005096
005097
005099
005103
005104
005105
005109
005111
005113
005114
005116
005117
005118
005119
005120
005121
005122
005125
005127
005128
005129
005131
005134
005138
005139
005145
005146
005147
005148
005149
005150
005151
005155
005156
005159
005164
005165
005167
005169
005172
005173
005174
005175
005176
005177
005178
005180
005183
005184
005186
005188
005190
005191
005194
005197
005198
005200
005201
005202
005204
005205
005206
005208
005213
005216
005220
005223
005225
005226
005228
005230
005232
005233
005235
005236
005239
005240
005241
005243
005244
005245
005246
005249
005250
005252
005253
005255
005256
005257
005258
005259
005260
005262
005263
005264
005266
005269
005271
005272
005273
005274
005277
005278
005279
005281
005282
005283
005284
005285
005286
005290
005291
005292
005293
005295
005298
005301
005303
005305
005307
005308
005312
005313
005314
005315
005316
005319
005323
005325
005327
005329
005330
005332
005333
005335
005336
005337
005338
005341
005342
005346
005349
005350
005351
005352
005354
005357
005358
005359
005361
005362
005363
005364
005365
005368
005369
005371
005373
005374
005376
005379
005382
005383
005386
005390
005392
005394
005396
005397
005399
005400
005401
005403
005404
005405
005406
005407
005409
005411
005412
005413
005414
005415
005417
005421
005422
005423
005429
005431
005436
005440
005441
005442
005443
005446
005447
005449
005450
005455
005456
005457
005459
005461
005463
005470
005471
005472
005473
005476
005480
005481
005482
005483
005484
005485
005486
005487
005489
005490
005491
005494
005495
005496
005499
005501
005502
005503
005504
005506
005507
005508
005511
005512
005513
005514
005517
005519
005521
005523
005528
005529
005531
005532
005533
005535
005537
005538
005539
005540
005541
005542
005548
005549
005551
005554
005556
005557
005558
005562
005563
005570
005571
005574
005576
005577
005579
005581
005583
005584
005585
005586
005588
005590
005594
005595
005596
005599
005601
005602
005604
005606
005607
005610
005611
005612
005613
005614
005617
005618
005619
005625
005626
005628
005629
005632
005635
005637
005638
005641
005642
005645
005646
005648
005649
005652
005653
005654
005656
005658
005661
005662
005665
005667
005668
005670
005672
005675
005677
005678
005680
005682
005687
005688
005691
005693
005696
005697
005698
005701
005703
005704
005706
005708
005712
005713
005715
005716
005717
005718
005720
005721
005722
005723
005725
005732
005733
005734
005735
005737
005738
005739
005740
005741
005742
005743
005744
005745
005748
005749
005750
005753
005755
005756
005757
005759
005761
005762
005763
005764
005765
005767
005769
005770
005771
005778
005781
005782
005783
005784
005786
005787
005788
005789
005791
005792
005793
005794
005795
005798
005800
005802
005805
005806
005807
005808
005809
005814
005815
005816
005818
005819
005823
005824
005825
005828
005831
005833
005835
005837
005842
005845
005846
005849
005850
005851
005852
005853
005854
005856
005857
005858
005861
005862
005863
005865
005867
005869
005870
005871
005872
005877
005878
005879
005880
005883
005885
005886
005887
005889
005890
005893
005894
005896
005898
005899
005900
005908
005909
005910
005912
005913
005915
005916
005917
005920
005921
005923
005924
005927
005930
005931
005932
005933
005934
005939
005941
005942
005943
005944
005946
005948
005950
005953
005955
005956
005957
005958
005959
005962
005963
005964
005967
005968
005969
005971
005972
005974
005975
005977
005978
005981
005982
005983
005984
005985
005986
005988
005989
005994
005995
005996
005999
006000
006002
006005
006010
006012
006013
006015
006020
006021
006022
006026
006027
006028
006029
006030
006031
006032
006034
006035
006037
006039
006040
006041
006044
006045
006046
006049
006050
006051
006052
006054
006056
006057
006061
006062
006063
006064
006065
006070
006076
006079
006080
006081
006084
006085
006086
006087
006088
006090
006091
006092
006093
006095
006096
006102
006107
006108
006110
006115
006119
006121
006123
006125
006128
006129
006131
006133
006134
006135
006137
006139
006140
006144
006146
006149
006150
006151
006154
006155
006162
006164
006165
006170
006178
006181
006183
006185
006188
006189
006190
006193
006194
006200
006201
006202
006203
006204
006206
006208
006210
006211
006214
006215
006217
006218
006219
006220
006222
006223
006227
006230
006235
006236
006237
006239
006240
006241
006243
006244
006245
006247
006248
006249
006251
006252
006253
006254
006258
006260
006262
006263
006266
006268
006271
006272
006273
006275
006276
006277
006279
006280
006281
006282
006284
006288
006289
006291
006293
006297
006298
006302
006303
006304
006306
006308
006309
006310
006311
006313
006315
006316
006318
006319
006321
006322
006323
006326
006327
006330
006332
006333
006334
006335
006336
006337
006338
006339
006340
006342
006344
006345
006346
006347
006351
006355
006356
006358
006359
006361
006363
006364
006365
006367
006369
006370
006371
006372
006374
006375
006376
006378
006379
006382
006387
006388
006390
006393
006394
006396
006400
006401
006402
006404
006405
006406
006410
006411
006412
006413
006414
006417
006419
006422
006424
006425
006427
006429
006431
006433
006435
006436
006437
006439
006443
006445
006448
006449
006450
006451
006453
006454
006456
006457
006459
006463
006464
006465
006466
006467
006469
006470
006471
006473
006475
006478
006479
006480
006481
006482
006485
006486
006487
006494
006495
006496
006502
006504
006508
006509
006511
006513
006515
006517
006519
006521
006522
006523
006524
006526
006527
006528
006529
006530
006533
006534
006537
006538
006539
006540
006541
006545
006547
006548
006552
006557
006558
006562
006564
006565
006566
006567
006570
006572
006573
006574
006576
006577
006578
006579
006584
006585
006586
006589
006592
006598
006601
006602
006603
006604
006605
006610
006611
006612
006613
006616
006617
006618
006620
006621
006622
006623
006629
006631
006633
006635
006637
006638
006641
006646
006647
006651
006652
006653
006656
006657
006659
006660
006662
006663
006664
006665
006668
006672
006674
006679
006681
006683
006684
006685
006686
006690
006691
006694
006695
006697
006701
006705
006708
006709
006712
006715
006718
006719
006720
006721
006723
006724
006725
006726
006727
006730
006731
006732
006734
006736
006737
006740
006744
006747
006748
006750
006751
006753
006754
006756
006759
006761
006763
006767
006768
006770
006773
006778
006781
006783
006784
006785
006787
006789
006791
006793
006798
006801
006803
006804
006807
006808
006810
006811
006813
006814
006816
006818
006819
006821
006823
006824
006825
006826
006827
006828
006830
006835
006838
006844
006846
006847
006849
006852
006856
006857
006860
006861
006862
006863
006865
006868
006871
006872
006874
006877
006879
006880
006881
006882
006883
006884
006886
006887
006888
006889
006890
006893
006896
006897
006898
006900
006901
006903
006908
006910
006912
006913
006914
006915
006916
006917
006918
006919
006920
006921
006924
006925
006927
006928
006930
006931
006934
006935
006936
006939
006942
006943
006948
006950
006951
006952
006953
006955
006958
006959
006960
006962
006963
006966
006973
006977
006978
006979
006980
006983
006984
006988
006989
006990
006991
006995
006996
006997
006998
006999
007000
007001
007002
007003
007004
007007
007008
007009
007010
007013
007017
007021
007023
007024
007025
007026
007027
007028
007030
007032
007033
007034
007035
007038
007040
007041
007042
007043
007044
007046
007049
007050
007051
007052
007053
007054
007055
007056
007060
007063
007065
007067
007069
007072
007073
007074
007080
007082
007084
007086
007089
007090
007092
007095
007096
007097
007098
007099
007102
007103
007104
007106
007107
007109
007112
007113
007114
007115
007116
007117
007119
007120
007121
007122
007123
007124
007126
007127
007130
007131
007134
007135
007136
007137
007138
007140
007143
007144
007146
007149
007151
007152
007155
007158
007159
007160
007161
007164
007165
007168
007169
007170
007171
007172
007173
007177
007181
007182
007183
007188
007189
007191
007192
007193
007194
007195
007199
007201
007203
007204
007205
007207
007208
007212
007213
007214
007218
007219
007220
007221
007222
007229
007230
007232
007234
007235
007236
007238
007239
007241
007243
007244
007246
007249
007250
007251
007253
007256
007258
007260
007262
007265
007266
007268
007269
007270
007272
007276
007277
007278
007282
007284
007285
007286
007287
007288
007290
007291
007293
007294
007295
007296
007297
007298
007299
007301
007302
007303
007304
007305
007309
007312
007314
007317
007318
007319
007321
007322
007323
007324
007325
007329
007331
007332
007334
007335
007336
007339
007340
007342
007343
007344
007347
007349
007350
007352
007354
007355
007357
007358
007359
007364
007367
007368
007371
007374
007376
007377
007378
007379
007381
007386
007391
007392
007394
007396
007397
007398
007399
007400
007402
007404
007405
007406
007407
007414
007415
007416
007417
007418
007421
007426
007427
007429
007430
007432
007433
007440
007441
007444
007445
007446
007450
007451
007456
007457
007458
007459
007460
007465
007467
007470
007471
007474
007475
007478
007483
007485
007489
007490
007491
007493
007495
007496
007499
007501
007502
007504
007505
007506
007508
007509
007510
007511
007512
007520
007524
007525
007526
007529
007533
007534
007536
007537
007541
007542
007544
007550
007551
007554
007555
007556
007557
007558
007560
007567
007568
007572
007573
007575
007579
007581
007582
007583
007588
007591
007592
007594
007597
007599
007601
007602
007603
007604
007605
007606
007607
007608
007610
007612
007614
007616
007617
007618
007621
007622
007623
007624
007626
007627
007628
007629
007630
007631
007633
007637
007638
007639
007643
007645
007647
007648
007649
007654
007655
007656
007657
007658
007659
007660
007661
007663
007664
007666
007668
007671
007676
007681
007682
007684
007685
007686
007687
007688
007689
007691
007692
007693
007695
007696
007697
007700
007702
007705
007707
007708
007711
007715
007717
007718
007719
007720
007721
007723
007726
007727
007728
007730
007731
007735
007737
007738
007742
007743
007745
007747
007748
007749
007751
007752
007755
007756
007757
007758
007760
007762
007764
007765
007766
007771
007774
007775
007777
007779
007780
007781
007782
007787
007788
007790
007791
007792
007793
007794
007798
007799
007800
007801
007802
007803
007805
007807
007808
007809
007812
007813
007814
007816
007820
007822
007823
007824
007825
007826
007830
007831
007833
007838
007840
007844
007845
007846
007847
007848
007850
007851
007852
007854
007856
007857
007859
007860
007861
007862
007863
007864
007865
007868
007869
007871
007872
007873
007875
007876
007877
007878
007881
007882
007883
007884
007885
007888
007891
007893
007894
007896
007897
007898
007899
007900
007901
007904
007906
007908
007910
007911
007914
007916
007918
007919
007921
007922
007924
007925
007928
007929
007930
007931
007934
007936
007937
007938
007939
007940
007942
007943
007944
007946
007947
007948
007950
007953
007955
007956
007958
007959
007961
007962
007966
007968
007969
007971
007972
007978
007979
007980
007981
007984
007985
007988
007991
007994
007996
007999
008003
008006
008008
008011
008013
008014
008016
008017
008018
008019
008024
008027
008029
008030
008031
008038
008039
008040
008041
008043
008045
008046
008047
008048
008051
008058
008059
008060
008061
008063
008064
008065
008068
008071
008074
008075
008076
008078
008079
008081
008083
008084
008085
008086
008089
008090
008094
008095
008096
008099
008100
008101
008102
008103
008104
008106
008110
008112
008113
008115
008118
008119
008120
008121
008125
008126
008127
008130
008131
008132
008133
008135
008137
008139
008142
008143
008145
008146
008147
008148
008149
008150
008155
008157
008158
008159
008160
008163
008164
008165
008166
008167
008169
008171
008177
008182
008183
008185
008188
008189
008190
008191
008193
008194
008195
008196
008200
008201
008207
008208
008209
008210
008211
008212
008213
008215
008218
008220
008221
008228
008231
008233
008234
008238
008239
008240
008248
008251
008252
008254
008256
008259
008260
008261
008262
008263
008264
008265
008266
008267
008268
008270
008272
008273
008274
008277
008279
008280
008281
008282
008284
008285
008291
008293
008298
008299
008302
008304
008307
008308
008309
008314
008315
008316
008318
008319
008320
008323
008327
008328
008330
008331
008333
008335
008336
008337
008338
008342
008344
008345
008346
008349
008350
008353
008357
008358
008359
008360
008362
008363
008364
008365
008369
008370
008374
008376
008377
008379
008381
008382
008386
008387
008388
008390
008391
008392
008396
008397
008399
008401
008402
008406
008407
008408
008411
008416
008418
008419
008421
008422
008424
008425
008426
008429
008432
008433
008434
008440
008441
008444
008445
008446
008447
008449
008450
008453
008456
008458
008459
008460
008461
008464
008466
008469
008470
008471
008472
008475
008476
008478
008484
008486
008489
008491
008493
008494
008495
008498
008499
008500
008501
008502
008504
008506
008512
008513
008516
008517
008518
008519
008523
008524
008526
008528
008529
008531
008535
008536
008537
008538
008541
008543
008545
008546
008547
008549
008550
008551
008554
008557
008558
008561
008565
008566
008570
008574
008575
008577
008578
008579
008580
008586
008587
008590
008594
008595
008598
008599
008601
008603
008609
008611
008612
008614
008617
008618
008623
008624
008625
008627
008628
008629
008630
008631
008634
008635
008637
008638
008639
008641
008642
008644
008645
008648
008649
008651
008653
008654
008655
008656
008657
008659
008660
008662
008665
008668
008669
008670
008674
008678
008681
008682
008683
008684
008685
008686
008687
008688
008690
008691
008692
008697
008704
008705
008706
008711
008712
008713
008714
008715
008718
008719
008721
008722
008723
008724
008725
008726
008727
008728
008731
008732
008733
008735
008736
008737
008739
008741
008742
008745
008749
008752
008753
008755
008756
008757
008758
008759
008760
008761
008763
008764
008766
008767
008768
008769
008770
008772
008773
008775
008777
008779
008780
008781
008783
008784
008786
008788
008789
008794
008797
008798
008799
008800
008801
008802
008803
008804
008806
008807
008808
008809
008810
008812
008813
008814
008816
008817
008818
008820
008822
008823
008824
008825
008827
008828
008829
008830
008831
008836
008837
008840
008842
008844
008846
008848
008853
008854
008855
008858
008861
008862
008868
008871
008875
008876
008878
008879
008880
008881
008884
008886
008887
008888
008891
008894
008896
008897
008899
008900
008901
008902
008904
008908
008909
008911
008912
008914
008917
008918
008920
008924
008925
008926
008927
008929
008931
008933
008934
008936
008937
008938
008940
008941
008943
008945
008947
008951
008955
008956
008959
008961
008962
008964
008965
008966
008967
008968
008972
008973
008976
008978
008979
008981
008982
008984
008986
008989
008990
008994
008995
008996
008998
009000
009003
009004
009006
009008
009009
009011
009014
009015
009016
009017
009020
009021
009023
009024
009025
009026
009028
009029
009031
009034
009035
009037
009039
009042
009043
009046
009047
009048
009049
009052
009055
009057
009059
009060
009061
009063
009065
009066
009071
009072
009074
009075
009076
009082
009083
009085
009086
009090
009091
009094
009096
009098
009099
009100
009101
009103
009105
009109
009111
009112
009115
009122
009123
009124
009125
009126
009128
009130
009131
009133
009135
009137
009138
009139
009143
009150
009153
009154
009157
009161
009162
009165
009166
009167
009173
009174
009178
009179
009180
009181
009182
009187
009189
009190
009194
009195
009196
009198
009200
009201
009202
009203
009204
009208
009210
009212
009213
009214
009215
009217
009218
009219
009223
009225
009226
009228
009230
009233
009234
009236
009237
009239
009242
009244
009245
009246
009247
009248
009250
009253
009256
009257
009259
009260
009263
009266
009267
009271
009272
009277
009278
009282
009284
009287
009291
009292
009293
009295
009297
009298
009300
009302
009306
009308
009311
009313
009316
009317
009318
009319
009322
009324
009325
009328
009329
009330
009331
009334
009335
009338
009339
009340
009342
009343
009344
009345
009346
009347
009348
009349
009350
009351
009352
009355
009356
009358
009360
009363
009366
009369
009370
009371
009376
009377
009379
009380
009381
009382
009385
009386
009388
009389
009390
009392
009394
009395
009396
009398
009400
009401
009402
009403
009405
009411
009412
009414
009415
009416
009419
009420
009422
009423
009424
009425
009426
009427
009428
009429
009431
009432
009433
009434
009435
009442
009443
009447
009449
009450
009451
009452
009454
009456
009459
009460
009463
009464
009465
009466
009467
009470
009471
009472
009475
009476
009477
009479
009480
009481
009482
009486
009487
009489
009490
009491
009492
009493
009495
009496
009498
009499
009500
009502
009505
009506
009509
009510
009513
009521
009522
009523
009524
009525
009529
009532
009536
009540
009541
009542
009543
009544
009545
009546
009547
009548
009552
009554
009555
009561
009562
009563
009564
009565
009567
009571
009572
009573
009576
009578
009579
009582
009583
009585
009586
009587
009588
009589
009592
009594
009595
009596
009598
009599
009600
009601
009602
009603
009608
009611
009615
009617
009618
009619
009620
009627
009628
009632
009633
009634
009638
009639
009643
009645
009646
009650
009651
009657
009658
009660
009662
009663
009664
009666
009667
009668
009671
009676
009677
009678
009682
009684
009685
009686
009688
009691
009695
009698
009699
009702
009703
009710
009711
009715
009716
009717
009719
009720
009721
009723
009724
009726
009727
009728
009734
009740
009742
009743
009744
009746
009748
009750
009751
009756
009760
009762
009763
009767
009768
009770
009777
009779
009781
009783
009785
009787
009788
009789
009791
009800
009802
009804
009806
009807
009808
009809
009810
009811
009814
009818
009820
009821
009823
009828
009829
009834
009837
009838
009839
009841
009844
009845
009846
009847
009848
009849
009850
009851
009856
009857
009859
009865
009866
009867
009868
009870
009874
009875
009878
009879
009881
009884
009886
009887
009888
009889
009890
009892
009893
009894
009895
009896
009897
009901
009903
009905
009908
009910
009911
009914
009915
009919
009920
009921
009924
009927
009928
009930
009931
009932
009933
009934
009936
009937
009938
009940
009941
009942
009943
009949
009952
009953
009957
009958
009962
009963
009964
009965
009966
009971
009976
009977
009978
009979
009983
009985
009987
009990
009991
009992
009994
009995
009996
009998
009999
010000
010001
010002
010003
010004
010006
010007
010009
010010
010013
010018
010020
010022
010023
010024
010027
010028
010029
010030
010031
010032
010034
010036
010037
010040
010041
010044
010047
010048
010049
010051
010052
010053
010054
010055
010056
010059
010060
010061
010062
010065
010066
010067
010069
010070
010071
010073
010075
010081
010082
010086
010087
010088
010090
010091
010092
010094
010096
010098
010103
010104
010106
010109
010114
010115
010117
010118
010120
010126
010130
010131
010132
010133
010137
010139
010140
010141
010143
010144
010146
010149
010150
010151
010152
010153
010156
010158
010160
010163
010164
010165
010167
010169
010170
010174
010175
010176
010182
010184
010188
010192
010194
010197
010198
010201
010203
010204
010205
010207
010208
010211
010212
010214
010216
010217
010218
010219
010220
010221
010222
010224
010227
010228
010229
010232
010233
010236
010237
010238
010239
010241
010243
010244
010246
010251
010257
010261
010262
010263
010266
010267
010268
010270
010271
010273
010274
010275
010277
010279
010282
010284
010287
010288
010292
010294
010298
010299
010301
010304
010305
010306
010308
010309
010310
010311
010315
010316
010319
010320
010322
010323
010324
010325
010327
010332
010333
010334
010335
010336
010338
010340
010341
010343
010344
010347
010348
010349
010350
010352
010353
010354
010360
010362
010364
010366
010369
010370
010372
010373
010376
010377
010378
010379
010381
010382
010383
010386
010387
010388
010389
010390
010391
010392
010393
010395
010396
010397
010399
010400
010404
010405
010408
010409
010410
010413
010416
010418
010419
010420
010421
010422
010423
010428
010430
010431
010432
010433
010434
010435
010436
010437
010439
010442
010443
010444
010447
010448
010449
010450
010452
010453
010454
010456
010459
010460
010461
010463
010467
010468
010471
010472
010474
010476
010482
010483
010486
010488
010490
010492
010493
010495
010496
010497
010498
010499
010500
010501
010502
010509
010510
010514
010515
010516
010517
010518
010521
010524
010526
010527
010528
010534
010536
010537
010541
010542
010543
010546
010547
010548
010549
010552
010553
010554
010556
010558
010560
010561
010562
010563
010564
010566
010569
010571
010572
010573
010575
010576
010579
010582
010583
010585
010586
010588
010589
010590
010591
010593
010595
010598
010600
010601
010602
010604
010610
010611
010614
010616
010617
010618
010619
010620
010621
010622
010623
010629
010630
010631
010632
010637
010639
010642
010646
010648
010650
010651
010655
010656
010659
010664
010669
010671
010672
010674
010675
010679
010682
010683
010685
010690
010691
010693
010696
010698
010699
010700
010701
010702
010703
010705
010710
010716
010720
010721
010725
010726
010727
010728
010729
010730
010731
010732
010733
010734
010735
010736
010740
010743
010744
010745
010746
010751
010756
010757
010760
010761
010763
010766
010772
010779
010782
010785
010788
010789
010793
010797
010798
010799
010800
010803
010805
010807
010810
010812
010814
010816
010817
010820
010824
010827
010828
010830
010831
010832
010834
010835
010836
010840
010842
010843
010844
010846
010847
010848
010850
010851
010852
010853
010855
010859
010860
010861
010862
010869
010871
010872
010875
010877
010878
010879
010880
010881
010884
010885
010888
010890
010896
010897
010899
010901
010906
010907
010909
010910
010911
010913
010914
010916
010917
010918
010919
010921
010925
010926
010928
010930
010932
010933
010936
010940
010944
010945
010947
010948
010949
010950
010951
010952
010954
010955
010956
010962
010966
010970
010972
010973
010974
010977
010981
010983
010984
010989
010990
010992
010995
010996
010998
010999
011000
011001
011002
011003
011004
011006
011007
011009
011011
011012
011013
011014
011017
011018
011019
011020
011022
011026
011027
011028
011033
011034
011036
011037
011040
011041
011042
011043
011046
011047
011048
011052
011056
011058
011059
011060
011062
011063
011064
011068
011069
011071
011075
011076
011077
011078
011084
011086
011089
011090
011091
011092
011093
011094
011096
011098
011099
011100
011101
011106
011110
011111
011112
011114
011115
011116
011121
011127
011129
011131
011132
011133
011134
011135
011136
011138
011139
011140
011144
011145
011146
011148
011150
011151
011152
011159
011160
011161
011162
011168
011174
011176
011177
011179
011181
011182
011183
011184
011188
011189
011190
011191
011192
011193
011194
011195
011197
011200
011201
011203
011204
011207
011209
011210
011211
011212
011214
011218
011219
011224
011226
011229
011231
011232
011237
011238
011244
011247
011248
011249
011251
011252
011253
011254
011255
011259
011260
011261
011262
011263
011264
011266
011268
011269
011270
011272
011275
011278
011279
011280
011281
011282
011283
011284
011287
011288
011289
011292
011293
011294
011297
011301
011307
011308
011311
011314
011315
011316
011317
011318
011320
011321
011322
011330
011332
011333
011335
011337
011339
011340
011343
011345
011347
011348
011349
011350
011351
011356
011359
011360
011361
011364
011365
011366
011368
011369
011371
011372
011373
011374
011375
011376
011379
011381
011385
011387
011388
011389
011392
011394
011395
011396
011397
011401
011402
011409
011410
011412
011415
011416
011418
011419
011420
011421
011423
011424
011426
011427
011428
011429
011431
011432
011433
011436
011437
011443
011445
011446
011449
011451
011452
011454
011458
011460
011462
011463
011464
011465
011466
011469
011471
011472
011473
011475
011479
011481
011482
011484
011489
011490
011491
011492
011493
011494
011495
011496
011497
011499
011500
011502
011503
011504
011505
011506
011507
011508
011509
011510
011511
011512
011515
011518
011521
011523
011524
011525
011527
011529
011530
011531
011533
011535
011536
011539
011540
011541
011543
011545
011547
011548
011549
011550
011552
011553
011555
011557
011562
011563
011565
011566
011569
011570
011571
011572
011573
011575
011576
011578
011580
011581
011582
011585
011586
011588
011590
011591
011592
011593
011594
011595
011597
011599
011601
011603
011605
011609
011610
011613
011615
011618
011621
011622
011624
011625
011626
011629
011635
011636
011638
011639
011642
011644
011646
011647
011648
011649
011650
011651
011652
011653
011654
011656
011657
011659
011660
011661
011663
011664
011666
011668
011671
011672
011674
011675
011677
011679
011681
011684
011686
011687
011693
011696
011697
011700
011702
011703
011705
011706
011707
011709
011710
011711
011715
011716
011718
011720
011721
011723
011724
011728
011729
011730
011731
011733
011737
011739
011740
011741
011746
011747
011749
011751
011752
011757
011758
011759
011760
011761
011762
011764
011766
011767
011769
011771
011780
011781
011783
011788
011789
011790
011794
011796
011802
011803
011804
011805
011807
011808
011809
011810
011813
011816
011820
011822
011825
011826
011827
011829
011831
011833
011834
011841
011843
011844
011845
011846
011847
011848
011849
011851
011852
011853
011857
011858
011859
011861
011862
011865
011867
011868
011869
011870
011871
011872
011874
011877
011879
011880
011881
011883
011886
011891
011892
011893
011894
011895
011896
011898
011900
011901
011907
011908
011910
011912
011913
011915
011916
011918
011919
011920
011921
011925
011926
011929
011930
011932
011933
011935
011936
011939
011940
011942
011943
011945
011947
011948
011949
011951
011952
011953
011959
011961
011963
011965
011969
011970
011971
011973
011974
011977
011979
011983
011985
011986
011990
011992
011993
011997
011998
011999
012002
012003
012005
012007
012011
012014
012016
012017
012018
012020
012021
012025
012026
012027
012028
012032
012035
012037
012038
012039
012042
012043
012044
012045
012046
012047
012053
012054
012058
012059
012060
012061
012063
012064
012068
012075
012078
012079
012080
012082
012083
012084
012085
012086
012088
012090
012092
012094
012095
012096
012097
012100
012101
012103
012107
012108
012109
012110
012111
012113
012114
012115
012117
012118
012119
012121
012122
012123
012124
012125
012126
012127
012128
012129
012133
012134
012135
012136
012137
012138
012140
012141
012143
012144
012148
012149
012151
012153
012155
012157
012159
012161
012162
012165
012166
012167
012169
012170
012171
012173
012176
012177
012178
012180
012181
012182
012184
012185
012186
012189
012190
012192
012193
012196
012198
012199
012200
012202
012205
012207
012209
012211
012214
012215
012218
012219
012220
012221
012223
012225
012226
012227
012228
012230
012231
012232
012233
012236
012238
012239
012242
012246
012247
012248
012251
012255
012258
012263
012266
012267
012268
012269
012270
012271
012272
012273
012274
012277
012280
012281
012283
012284
012287
012291
012292
012293
012294
012299
012300
012301
012302
012304
012305
012309
012311
012313
012314
012315
012316
012317
012321
012322
012323
012325
012326
012327
012331
012332
012333
012336
012337
012338
012339
012340
012341
012342
012344
012348
012351
012352
012353
012359
012360
012361
012362
012365
012369
012370
012372
012374
012376
012378
012383
012387
012388
012389
012390
012392
012393
012399
012404
012406
012407
012409
012410
012411
012412
012413
012416
012417
012418
012419
012420
012421
012422
012423
012424
012425
012428
012429
012430
012431
012438
012439
012443
012445
012446
012447
012448
012451
012453
012455
012457
012458
012460
012461
012462
012466
012467
012469
012470
012474
012476
012481
012482
012483
012484
012485
012486
012492
012497
012498
012499
012503
012504
012510
012511
012515
012516
012517
012521
012522
012525
012531
012533
012535
012536
012537
012539
012540
012541
012542
012544
012545
012546
012547
012548
012552
012553
012554
012555
012556
012557
012560
012568
012570
012575
012578
012579
012583
012584
012585
012587
012588
012590
012591
012592
012599
012601
012602
012604
012606
012607
012609
012610
012611
012612
012616
012617
012618
012623
012624
012626
012627
012629
012631
012633
012634
012635
012636
012637
012639
012640
012643
012644
012649
012650
012655
012656
012657
012659
012660
012661
012663
012665
012667
012668
012669
012671
012673
012674
012675
012677
012678
012682
012683
012684
012687
012688
012689
012691
012692
012695
012698
012703
012704
012705
012706
012707
012712
012713
012714
012715
012717
012721
012722
012725
012726
012727
012730
012732
012738
012743
012744
012748
012749
012755
012758
012759
012760
012761
012763
012764
012765
012767
012770
012771
012772
012775
012778
012781
012782
012783
012784
012785
012787
012789
012790
012791
012792
012794
012796
012798
012799
012801
012802
012805
012806
012807
012809
012810
012811
012812
012813
012814
012815
012816
012817
012819
012820
012823
012826
012829
012831
012832
012833
012834
012835
012836
012839
012840
012843
012848
012850
012851
012852
012853
012855
012856
012858
012859
012860
012861
012864
012865
012866
012869
012870
012871
012873
012874
012875
012876
012878
012879
012880
012883
012885
012886
012887
012888
012890
012891
012892
012893
012895
012897
012898
012900
012902
012903
012905
012906
012907
012908
012910
012911
012913
012914
012915
012916
012917
012921
012922
012925
012926
012927
012928
012929
012931
012933
012934
012935
012937
012942
012944
012946
012950
012952
012957
012959
012963
012965
012966
012969
012977
012979
012981
012984
012987
012989
012990
012991
012993
012996
012997
012998
013003
013004
013007
013010
013011
013012
013013
013017
013018
013021
013022
013024
013029
013030
013031
013035
013039
013041
013045
013047
013049
013051
013053
013055
013057
013058
013062
013064
013066
013067
013069
013071
013075
013076
013077
013079
013082
013083
013084
013087
013088
013090
013091
013092
013095
013096
013099
013101
013103
013108
013109
013110
013111
013112
013116
013117
013120
013121
013122
013123
013124
013125
013126
013128
013129
013130
013132
013135
013137
013138
013141
013142
013145
013146
013149
013151
013153
013158
013161
013163
013166
013167
013168
013169
013170
013171
013172
013174
013175
013179
013180
013181
013182
013183
013184
013186
013187
013188
013189
013190
013191
013192
013193
013194
013196
013197
013199
013200
013201
013202
013203
013204
013206
013207
013208
013209
013213
013214
013220
013221
013222
013223
013224
013226
013228
013229
013230
013231
013233
013234
013235
013236
013237
013238
013240
013241
013244
013249
013251
013252
013254
013255
013256
013257
013259
013262
013266
013267
013269
013270
013273
013274
013275
013277
013278
013280
013282
013284
013287
013290
013291
013293
013295
013296
013297
013299
013300
013303
013304
013306
013308
013310
013311
013314
013315
013317
013318
013319
013323
013327
013329
013330
013336
013340
013341
013342
013343
013344
013345
013346
013349
013350
013351
013352
013353
013354
013355
013356
013357
013358
013360
013363
013365
013366
013367
013371
013372
013374
013378
013380
013381
013383
013384
013385
013388
013389
013391
013396
013398
013399
013400
013402
013405
013406
013407
013408
013412
013413
013414
013418
013420
013421
013422
013426
013428
013429
013432
013433
013434
013436
013437
013438
013442
013444
013446
013449
013450
013455
013456
013457
013458
013460
013461
013462
013463
013466
013468
013469
013471
013473
013474
013475
013477
013481
013483
013484
013485
013486
013488
013489
013492
013493
013494
013500
013502
013504
013507
013510
013511
013512
013516
013517
013518
013519
013520
013522
013523
013524
013533
013535
013536
013537
013538
013539
013541
013542
013543
013547
013548
013549
013550
013551
013552
013553
013555
013556
013557
013559
013560
013563
013566
013568
013570
013571
013572
013578
013579
013583
013585
013586
013587
013588
013589
013590
013594
013595
013598
013600
013601
013602
013603
013604
013606
013609
013613
013621
013622
013623
013631
013636
013637
013638
013639
013640
013641
013643
013645
013647
013649
013650
013652
013655
013659
013660
013662
013664
013665
013666
013668
013670
013677
013681
013682
013684
013686
013689
013691
013692
013693
013694
013695
013696
013697
013701
013704
013709
013711
013713
013714
013716
013717
013722
013725
013726
013732
013733
013734
013735
013737
013740
013745
013748
013749
013750
013752
013755
013759
013760
013762
013763
013764
013767
013768
013769
013770
013772
013773
013774
013775
013776
013777
013780
013781
013786
013789
013791
013794
013797
013800
013801
013805
013806
013807
013808
013809
013810
013811
013814
013815
013818
013819
013820
013823
013824
013825
013826
013827
013828
013829
013831
013832
013834
013835
013836
013837
013840
013843
013844
013845
013846
013847
013848
013850
013851
013852
013853
013854
013857
013858
013862
013863
013864
013865
013869
013870
013872
013877
013878
013879
013880
013881
013882
013883
013885
013886
013887
013888
013889
013891
013892
013893
013895
013898
013899
013900
013908
013910
013913
013914
013916
013919
013920
013924
013925
013927
013929
013930
013931
013932
013933
013935
013936
013937
013938
013939
013940
013941
013942
013946
013947
013949
013951
013952
013957
013958
013959
013960
013963
013966
013970
013971
013972
013975
013976
013977
013978
013979
013980
013981
013982
013984
013985
013987
013988
013990
013991
013992
013993
013995
014000
014001
014005
014006
014007
014008
014010
014012
014013
014014
014015
014017
014019
014021
014022
014023
014024
014025
014026
014027
014028
014029
014030
014031
014037
014039
014041
014042
014045
014046
014047
014048
014049
014050
014056
014059
014060
014062
014069
014070
014071
014072
014073
014074
014076
014077
014078
014079
014081
014084
014086
014088
014089
014090
014091
014093
014095
014097
014098
014099
014100
014104
014105
014106
014109
014110
014111
014112
014114
014115
014116
014117
014119
014121
014122
014123
014124
014125
014126
014127
014130
014134
014135
014138
014140
014141
014142
014144
014145
014146
014147
014149
014151
014152
014153
014154
014158
014159
014160
014161
014162
014166
014167
014169
014173
014176
014177
014179
014180
014187
014189
014192
014193
014195
014199
014200
014201
014202
014204
014206
014208
014214
014215
014217
014219
014220
014223
014227
014228
014229
014230
014232
014234
014236
014237
014238
014239
014240
014241
014242
014245
014246
014247
014249
014255
014257
014262
014264
014265
014266
014267
014268
014269
014275
014276
014278
014280
014281
014283
014284
014286
014290
014292
014295
014298
014300
014301
014304
014307
014308
014312
014313
014315
014316
014318
014319
014320
014321
014326
014327
014328
014329
014330
014331
014333
014334
014336
014337
014341
014343
014346
014350
014351
014352
014354
014356
014360
014362
014363
014364
014367
014368
014369
014375
014377
014378
014379
014381
014382
014384
014387
014390
014392
014393
014395
014400
014401
014405
014407
014409
014410
014411
014414
014416
014418
014420
014421
014422
014424
014425
014426
014428
014431
014432
014434
014435
014436
014439
014440
014441
014442
014446
014450
014452
014453
014457
014459
014463
014464
014467
014470
014474
014475
014476
014479
014481
014482
014483
014484
014485
014488
014489
014490
014491
014492
014493
014494
014496
014497
014498
014501
014509
014510
014514
014516
014517
014521
014522
014523
014524
014525
014526
014527
014530
014531
014532
014536
014539
014540
014541
014542
014545
014549
014550
014552
014555
014556
014558
014560
014561
014564
014565
014569
014573
014574
014575
014577
014578
014580
014581
014582
014583
014584
014585
014586
014587
014588
014590
014594
014595
014597
014598
014599
014601
014603
014606
014607
014608
014611
014612
014613
014618
014619
014621
014623
014625
014631
014632
014634
014636
014640
014641
014642
014643
014646
014647
014648
014649
014650
014652
014655
014656
014657
014659
014664
014665
014667
014668
014669
014670
014671
014673
014674
014675
014676
014677
014678
014679
014683
014687
014689
014690
014692
014694
014695
014697
014698
014700
014701
014703
014706
014710
014711
014713
014714
014715
014716
014717
014719
014722
014723
014724
014725
014727
014729
014733
014735
014736
014737
014739
014741
014742
014745
014746
014749
014751
014752
014753
014755
014756
014757
014760
014761
014762
014764
014765
014766
014768
014770
014772
014774
014776
014783
014784
014785
014786
014790
014791
014792
014793
014797
014798
014799
014803
014804
014805
014806
014807
014808
014809
014810
014811
014813
014814
014815
014816
014817
014818
014821
014822
014827
014828
014831
014832
014834
014835
014839
014841
014842
014843
014844
014845
014847
014848
014849
014850
014854
014857
014858
014859
014861
014863
014865
014868
014869
014871
014872
014877
014878
014879
014880
014882
014883
014884
014887
014889
014893
014895
014898
014900
014902
014903
014904
014906
014907
014910
014913
014914
014916
014921
014924
014925
014927
014928
014929
014930
014933
014934
014935
014936
014943
014945
014946
014949
014950
014951
014952
014954
014956
014958
014959
014960
014961
014964
014965
014970
014973
014975
014977
014980
014981
014986
014987
014988
014990
014991
014995
014996
014997
014998
014999
015002
015009
015011
015014
015018
015019
015021
015025
015027
015029
015031
015037
015039
015041
015045
015049
015050
015052
015054
015055
015057
015059
015060
015062
015064
015066
015067
015068
015070
015071
015072
015073
015076
015079
015080
015081
015084
015086
015088
015089
015090
015091
015094
015097
015099
015101
015103
015106
015110
015111
015114
015116
015119
015121
015122
015123
015124
015126
015127
015133
015134
015135
015136
015138
015139
015143
015145
015150
015152
015154
015155
015156
015157
015158
015160
015161
015164
015166
015170
015172
015174
015177
015178
015179
015180
015182
015186
015187
015188
015193
015197
015198
015199
015201
015202
015203
015206
015208
015209
015210
015211
015212
015214
015216
015217
015219
015220
015222
015225
015227
015228
015229
015231
015232
015234
015235
015239
015241
015243
015244
015250
015252
015254
015255
015260
015261
015262
015264
015265
015266
015267
015270
015271
015273
015275
015276
015277
015279
015280
015281
015284
015289
015290
015291
015292
015296
015297
015298
015299
015300
015304
015307
015308
015309
015312
015314
015315
015317
015319
015321
015322
015324
015325
015327
015329
015333
015335
015338
015340
015341
015344
015345
015346
015347
015351
015352
015353
015354
015356
015357
015359
015360
015362
015363
015364
015369
015370
015373
015377
015378
015379
015382
015387
015388
015389
015391
015393
015394
015396
015397
015398
015399
015403
015404
015407
015409
015411
015412
015414
015415
015416
015417
015419
015420
015421
015422
015424
015427
015429
015430
015431
015432
015434
015435
015437
015440
015441
015443
015446
015451
015452
015453
015455
015459
015469
015470
015471
015472
015475
015476
015477
015481
015482
015485
015486
015487
015488
015490
015491
015492
015493
015495
015497
015498
015501
015502
015503
015508
015510
015511
015514
015517
015519
015520
015521
015522
015523
015524
015525
015527
015528
015531
015533
015535
015537
015544
015545
015546
015548
015549
015550
015552
015554
015556
015557
015559
015562
015563
015566
015567
015569
015571
015572
015577
015578
015580
015581
015583
015585
015587
015589
015590
015594
015599
015600
015603
015605
015606
015607
015608
015609
015612
015615
015616
015617
015618
015619
015621
015623
015626
015627
015629
015630
015631
015632
015634
015635
015636
015640
015642
015644
015645
015647
015649
015650
015654
015656
015658
015660
015662
015664
015670
015671
015672
015673
015676
015677
015678
015683
015686
015687
015690
015691
015693
015694
015695
015698
015700
015703
015705
015707
015708
015711
015712
015713
015716
015720
015722
015724
015726
015730
015731
015732
015739
015744
015747
015749
015750
015751
015752
015753
015755
015757
015758
015759
015761
015762
015763
015766
015767
015769
015774
015775
015776
015777
015778
015779
015780
015782
015783
015784
015785
015787
015788
015791
015797
015799
015800
015801
015803
015804
015805
015806
015807
015811
015813
015816
015817
015818
015820
015821
015822
015824
015828
015830
015831
015833
015834
015835
015837
015838
015840
015842
015846
015848
015856
015858
015859
015862
015863
015864
015866
015867
015869
015872
015876
015877
015878
015879
015882
015884
015885
015886
015887
015889
015891
015892
015893
015894
015895
015896
015897
015898
015899
015900
015901
015902
015905
015907
015908
015911
015913
015914
015919
015920
015921
015926
015929
015930
015931
015933
015937
015938
015939
015943
015944
015945
015946
015947
015948
015949
015950
015954
015955
015956
015957
015960
015961
015962
015964
015965
015969
015971
015972
015975
015976
015977
015978
015980
015981
015988
015989
015991
015992
015993
015995
015996
015998
016000
016001
016002
016003
016004
016005
016009
016010
016011
016015
016016
016018
016020
016022
016024
016025
016026
016027
016028
016033
016034
016035
016036
016038
016039
016040
016041
016044
016045
016050
016055
016056
016058
016060
016061
016063
016067
016070
016072
016073
016077
016079
016080
016083
016087
016088
016089
016091
016092
016093
016094
016096
016099
016102
016103
016104
016105
016106
016107
016109
016110
016111
016113
016114
016116
016118
016120
016122
016123
016124
016125
016128
016129
016131
016132
016136
016139
016141
016142
016143
016144
016145
016146
016147
016148
016149
016150
016153
016156
016160
016162
016163
016165
016166
016168
016169
016170
016172
016173
016175
016176
016178
016180
016183
016186
016187
016188
016189
016191
016194
016196
016199
016201
016202
016203
016206
016207
016208
016211
016212
016214
016215
016219
016220
016221
016223
016227
016228
016230
016231
016232
016234
016236
016237
016238
016239
016241
016242
016245
016246
016247
016251
016256
016257
016258
016259
016260
016261
016263
016265
016266
016270
016271
016272
016273
016274
016275
016278
016279
016281
016285
016286
016288
016294
016295
016296
016298
016299
016301
016302
016303
016304
016305
016311
016312
016314
016315
016319
016320
016321
016322
016325
016329
016332
016337
016338
016339
016341
016342
016344
016347
016349
016354
016355
016356
016357
016358
016359
016361
016362
016364
016365
016366
016369
016370
016371
016372
016373
016374
016375
016377
016378
016381
016382
016385
016387
016388
016390
016396
016397
016398
016401
016403
016406
016407
016409
016410
016412
016413
016415
016416
016417
016418
016419
016421
016423
016425
016426
016429
016430
016431
016434
016435
016436
016438
016440
016441
016442
016444
016446
016448
016449
016450
016453
016456
016457
016462
016463
016464
016465
016466
016467
016470
016471
016474
016475
016476
016480
016481
016484
016485
016486
016487
016488
016490
016491
016493
016498
016499
016501
016503
016506
016508
016510
016511
016512
016513
016516
016517
016518
016521
016522
016523
016524
016525
016529
016530
016531
016534
016536
016539
016540
016542
016545
016547
016549
016551
016555
016556
016557
016558
016561
016562
016566
016567
016568
016569
016571
016574
016576
016578
016579
016580
016581
016582
016583
016586
016587
016588
016589
016594
016597
016599
016600
016601
016602
016603
016604
016605
016607
016611
016612
016613
016614
016615
016616
016617
016618
016619
016623
016626
016628
016630
016635
016637
016640
016641
016642
016643
016645
016646
016653
016657
016659
016660
016661
016662
016663
016666
016668
016669
016670
016677
016679
016680
016681
016682
016685
016686
016687
016688
016690
016691
016692
016695
016696
016697
016698
016701
016703
016704
016705
016706
016710
016711
016713
016714
016715
016718
016719
016722
016724
016728
016733
016734
016735
016736
016737
016738
016743
016747
016749
016755
016757
016758
016761
016763
016767
016768
016769
016773
016775
016776
016777
016780
016781
016783
016785
016786
016787
016791
016793
016795
016796
016797
016798
016802
016803
016811
016817
016819
016820
016822
016824
016825
016826
016828
016830
016832
016835
016836
016837
016841
016842
016844
016845
016849
016851
016852
016853
016857
016860
016862
016863
016864
016867
016869
016872
016874
016877
016878
016879
016880
016882
016884
016887
016891
016893
016894
016896
016897
016899
016900
016901
016902
016903
016906
016907
016908
016909
016911
016913
016916
016918
016919
016920
016921
016922
016924
016925
016930
016933
016934
016936
016937
016941
016943
016944
016945
016951
016952
016953
016956
016957
016958
016959
016960
016961
016968
016969
016970
016974
016977
016978
016979
016980
016982
016984
016985
016986
016989
016991
016992
016993
016995
016996
016997
016998
017000
017004
017007
017009
017010
017011
017012
017014
017016
017018
017019
017020
017021
017024
017025
017026
017027
017028
017029
017030
017031
017034
017036
017037
017041
017046
017047
017048
017049
017050
017051
017054
017056
017059
017060
017062
017063
017066
017067
017068
017069
017070
017072
017073
017074
017075
017077
017078
017079
017080
017082
017085
017090
017091
017092
017093
017094
017097
017098
017099
017100
017101
017102
017103
017104
017107
017113
017114
017115
017116
017117
017118
017122
017123
017127
017128
017129
017130
017136
017138
017139
017140
017143
017145
017146
017148
017154
017155
017158
017159
017160
017161
017165
017166
017167
017168
017169
017170
017171
017172
017175
017176
017177
017178
017179
017183
017184
017185
017186
017188
017193
017194
017196
017199
017201
017205
017206
017207
017209
017211
017212
017213
017214
017216
017217
017219
017220
017221
017222
017224
017225
017227
017229
017232
017233
017234
017235
017237
017239
017241
017242
017243
017244
017247
017248
017251
017253
017256
017257
017262
017264
017267
017268
017270
017271
017272
017273
017277
017279
017280
017282
017287
017289
017290
017291
017292
017297
017298
017300
017301
017302
017303
017305
017310
017313
017314
017316
017320
017321
017322
017323
017325
017327
017329
017333
017334
017335
017336
017338
017341
017342
017343
017344
017347
017348
017349
017350
017351
017359
017361
017362
017363
017364
017366
017367
017368
017369
017370
017372
017375
017377
017379
017381
017382
017383
017384
017385
017387
017388
017390
017391
017393
017397
017398
017399
017401
017402
017403
017404
017406
017407
017408
017409
017410
017414
017416
017421
017422
017425
017426
017428
017431
017432
017433
017434
017435
017439
017442
017445
017446
017447
017448
017450
017451
017458
017459
017460
017461
017462
017463
017465
017468
017470
017471
017473
017474
017475
017476
017477
017480
017481
017484
017487
017488
017489
017492
017493
017495
017497
017499
017500
017503
017504
017506
017507
017509
017511
017512
017513
017514
017515
017517
017520
017522
017524
017526
017527
017529
017531
017537
017538
017543
017544
017546
017547
017548
017549
017550
017553
017558
017561
017565
017569
017572
017574
017575
017576
017578
017579
017580
017587
017588
017589
017591
017593
017600
017602
017603
017607
017610
017611
017614
017616
017617
017618
017620
017622
017623
017625
017628
017630
017631
017633
017634
017637
017638
017639
017642
017643
017645
017648
017649
017652
017653
017655
017656
017657
017658
017659
017660
017661
017665
017666
017667
017668
017669
017670
017673
017675
017676
017677
017678
017679
017680
017681
017682
017683
017685
017686
017688
017690
017691
017693
017694
017695
017696
017697
017698
017699
017700
017701
017704
017705
017706
017707
017708
017712
017713
017714
017716
017718
017719
017720
017721
017722
017723
017724
017725
017726
017727
017728
017729
017731
017733
017735
017736
017738
017741
017742
017743
017745
017746
017749
017750
017754
017755
017756
017757
017758
017762
017764
017765
017766
017767
017775
017777
017782
017784
017785
017787
017788
017789
017790
017791
017794
017795
017797
017799
017803
017804
017807
017808
017809
017811
017813
017814
017815
017817
017818
017820
017821
017822
017826
017827
017828
017829
017830
017832
017833
017835
017836
017837
017841
017842
017843
017844
017847
017848
017851
017852
017853
017856
017857
017858
017859
017860
017862
017864
017866
017867
017868
017869
017871
017872
017874
017875
017876
017877
017878
017879
017880
017881
017882
017886
017887
017889
017891
017893
017894
017895
017896
017899
017900
017902
017903
017904
017905
017906
017909
017910
017911
017912
017915
017916
017921
017922
017924
017927
017928
017929
017930
017931
017937
017938
017939
017940
017944
017945
017949
017954
017956
017959
017962
017963
017964
017966
017967
017968
017969
017970
017973
017974
017975
017978
017981
017984
017985
017988
017991
017994
017997
017999
018000
018004
018005
018007
018008
018012
018014
018016
018018
018019
018021
018022
018025
018026
018027
018030
018032
018034
018036
018038
018040
018041
018042
018044
018046
018047
018049
018053
018055
018059
018064
018065
018066
018068
018072
018075
018077
018078
018083
018084
018093
018095
018096
018100
018101
018102
018103
018104
018105
018106
018107
018108
018109
018115
018120
018123
018126
018129
018130
018132
018134
018136
018139
018140
018141
018142
018147
018150
018152
018153
018154
018155
018157
018158
018160
018161
018163
018164
018166
018167
018168
018169
018179
018180
018190
018191
018193
018196
018197
018199
018200
018203
018206
018208
018210
018211
018212
018213
018215
018216
018218
018219
018220
018221
018222
018223
018224
018226
018228
018229
018230
018233
018234
018236
018237
018238
018240
018241
018243
018244
018245
018249
018251
018252
018253
018258
018260
018261
018263
018265
018266
018270
018271
018272
018273
018276
018277
018279
018280
018283
018284
018289
018290
018292
018293
018294
018295
018298
018299
018301
018304
018305
018311
018312
018315
018320
018322
018323
018324
018325
018326
018327
018328
018332
018334
018335
018338
018341
018342
018343
018344
018349
018350
018354
018355
018356
018357
018358
018361
018362
018363
018367
018369
018370
018372
018373
018375
018376
018377
018378
018381
018382
018384
018387
018390
018391
018392
018395
018396
018398
018399
018400
018401
018402
018403
018404
018406
018410
018411
018412
018413
018414
018415
018416
018417
018420
018423
018425
018427
018429
018433
018434
018435
018437
018440
018442
018443
018447
018448
018449
018451
018459
018460
018464
018465
018466
018471
018473
018474
018475
018481
018482
018483
018484
018485
018486
018487
018489
018491
018492
018495
018496
018497
018498
018503
018505
018509
018510
018511
018512
018514
018516
018519
018520
018521
018524
018527
018530
018535
018537
018538
018539
018541
018544
018545
018546
018548
018549
018550
018551
018552
018554
018557
018559
018562
018563
018565
018567
018569
018570
018572
018574
018576
018577
018578
018581
018582
018584
018586
018589
018590
018591
018593
018595
018597
018598
018600
018601
018602
018603
018605
018607
018611
018613
018614
018615
018616
018617
018618
018619
018621
018623
018624
018625
018626
018628
018629
018630
018634
018635
018637
018638
018639
018640
018642
018643
018645
018647
018649
018650
018651
018652
018655
018656
018658
018659
018662
018663
018664
018665
018666
018667
018675
018677
018678
018679
018680
018684
018685
018686
018687
018690
018693
018694
018695
018696
018697
018698
018701
018704
018705
018708
018709
018710
018711
018712
018713
018717
018720
018722
018728
018731
018733
018735
018736
018737
018739
018741
018744
018747
018751
018754
018756
018758
018759
018761
018762
018764
018765
018766
018767
018768
018770
018771
018775
018777
018780
018781
018784
018786
018788
018789
018790
018791
018792
018793
018802
018804
018805
018808
018809
018810
018811
018812
018813
018820
018821
018823
018828
018830
018834
018836
018837
018838
018839
018844
018845
018849
018851
018853
018854
018858
018860
018862
018864
018865
018867
018871
018873
018875
018876
018877
018878
018879
018880
018882
018888
018893
018898
018901
018902
018907
018908
018909
018911
018913
018916
018918
018920
018921
018923
018925
018928
018929
018932
018933
018934
018936
018938
018939
018940
018942
018945
018946
018951
018953
018955
018956
018958
018960
018961
018964
018966
018968
018969
018972
018975
018977
018980
018982
018984
018988
018991
018993
018995
018998
019002
019008
019009
019010
019013
019016
019017
019018
019025
019027
019028
019029
019032
019033
019042
019044
019046
019047
019049
019051
019052
019054
019055
019056
019063
019065
019066
019067
019069
019070
019071
019073
019074
019077
019080
019082
019083
019084
019087
019088
019091
019093
019094
019097
019099
019100
019104
019105
019107
019109
019111
019113
019119
019121
019123
019124
019126
019127
019130
019131
019133
019134
019141
019143
019144
019146
019147
019148
019151
019152
019155
019156
019157
019159
019160
019161
019164
019165
019167
019168
019169
019173
019174
019175
019177
019178
019180
019181
019182
019185
019186
019188
019191
019193
019194
019197
019198
019200
019201
019202
019203
019205
019207
019208
019209
019211
019213
019215
019217
019218
019219
019222
019225
019228
019229
019231
019233
019235
019240
019241
019244
019245
019246
019247
019250
019253
019254
019255
019259
019261
019263
019267
019268
019269
019271
019272
019273
019276
019278
019279
019280
019281
019284
019286
019289
019290
019291
019292
019293
019297
019298
019299
019300
019303
019305
019307
019308
019309
019310
019311
019313
019314
019315
019316
019317
019318
019319
019320
019322
019323
019324
019326
019327
019329
019331
019332
019333
019336
019337
019338
019340
019341
019348
019351
019354
019356
019359
019360
019361
019364
019366
019371
019373
019374
019375
019376
019380
019381
019383
019387
019390
019392
019395
019396
019398
019401
019402
019405
019408
019409
019411
019415
019417
019418
019419
019423
019425
019427
019430
019432
019433
019434
019435
019436
019437
019438
019439
019440
019443
019445
019451
019454
019455
019456
019460
019464
019466
019467
019469
019470
019472
019476
019477
019478
019481
019482
019483
019484
019485
019487
019488
019489
019491
019492
019495
019496
019497
019499
019500
019503
019505
019507
019508
019511
019512
019517
019518
019520
019521
019523
019524
019525
019526
019529
019530
019535
019536
019537
019541
019542
019545
019549
019550
019551
019552
019554
019556
019557
019559
019560
019563
019564
019566
019569
019570
019571
019572
019573
019576
019578
019579
019583
019584
019586
019587
019589
019590
019591
019592
019595
019600
019601
019603
019605
019606
019607
019608
019609
019611
019616
019617
019618
019619
019620
019621
019624
019625
019626
019627
019628
019632
019633
019634
019636
019637
019638
019639
019641
019643
019644
019645
019646
019649
019650
019651
019654
019655
019662
019663
019664
019665
019666
019667
019670
019671
019672
019673
019677
019678
019684
019686
019689
019690
019692
019694
019695
019701
019703
019704
019705
019707
019710
019711
019712
019713
019714
019715
019716
019719
019720
019725
019727
019728
019729
019730
019731
019732
019733
019737
019740
019742
019748
019750
019753
019755
019756
019758
019759
019764
019767
019770
019771
019776
019777
019779
019782
019784
019785
019787
019788
019789
019790
019791
019793
019794
019795
019798
019799
019801
019802
019803
019804
019806
019807
019808
019811
019818
019819
019824
019829
019832
019834
019835
019836
019837
019838
019845
019846
019849
019851
019860
019861
019863
019864
019865
019867
019868
019870
019872
019873
019878
019881
019882
019883
019884
019887
019888
019889
019893
019894
019896
019898
019899
019902
019903
019905
019906
019907
019908
019910
019911
019912
019913
019914
019916
019921
019924
019927
019928
019929
019930
019932
019934
019936
019937
019938
019941
019942
019943
019946
019947
019948
019950
019951
019953
019954
019955
019959
019960
019964
019971
019973
019974
019976
019977
019978
019980
019981
019982
019985
019987
019989
019990
019992
019993
019994
019997
019998
020002
020008
020009
020010
020011
020013
020015
020018
020025
020026
020027
020029
020030
020035
020040
020041
020043
020044
020045
020046
020047
020049
020051
020052
020053
020056
020057
020063
020064
020066
020067
020068
020070
020072
020078
020079
020081
020085
020086
020088
020089
020090
020092
020093
020094
020095
020096
020097
020100
020101
020103
020106
020107
020108
020109
020110
020114
020116
020117
020119
020121
020123
020126
020128
020131
020133
020136
020137
020140
020142
020143
020144
020145
020146
020147
020148
020149
020151
020154
020155
020156
020159
020162
020163
020164
020166
020167
020168
020173
020174
020178
020180
020183
020184
020187
020189
020191
020192
020193
020195
020196
020199
020200
020201
020202
020203
020206
020208
020209
020210
020211
020216
020217
020221
020222
020223
020224
020227
020229
020230
020236
020237
020238
020240
020242
020246
020247
020248
020249
020253
020254
020255
020256
020257
020260
020263
020264
020266
020269
020270
020271
020274
020277
020278
020279
020281
020282
020283
020284
020285
020286
020288
020293
020294
020295
020296
020299
020300
020301
020303
020304
020305
020307
020309
020313
020318
020320
020321
020323
020324
020325
020326
020331
020332
020333
020334
020335
020337
020341
020342
020343
020345
020349
020350
020354
020356
020357
020359
020360
020361
020363
020364
020365
020366
020367
020368
020369
020370
020371
020372
020373
020377
020378
020382
020384
020389
020392
020393
020394
020395
020397
020398
020399
020401
020402
020404
020406
020408
020409
020410
020412
020413
020415
020416
020418
020419
020420
020421
020423
020424
020425
020430
020431
020432
020433
020435
020438
020439
020442
020443
020444
020445
020447
020448
020449
020454
020455
020457
020458
020460
020461
020463
020466
020468
020470
020471
020472
020473
020475
020476
020477
020478
020480
020484
020487
020490
020491
020493
020495
020496
020497
020500
020501
020503
020504
020506
020508
020513
020514
020518
020521
020524
020525
020526
020527
020528
020531
020533
020534
020535
020537
020542
020543
020546
020549
020550
020551
020552
020555
020556
020559
020560
020561
020562
020563
020566
020567
020569
020570
020574
020576
020577
020579
020583
020587
020588
020590
020591
020592
020593
020594
020595
020597
020598
020600
020601
020605
020606
020608
020614
020616
020618
020623
020627
020628
020631
020633
020635
020641
020642
020646
020647
020649
020652
020653
020654
020659
020663
020664
020668
020670
020671
020674
020677
020678
020680
020681
020682
020684
020685
020686
020687
020688
020692
020695
020696
020697
020698
020701
020702
020703
020705
020706
020707
020710
020711
020712
020713
020714
020716
020717
020719
020724
020725
020728
020729
020732
020733
020734
020737
020738
020739
020741
020745
020746
020748
020749
020751
020752
020753
020756
020758
020759
020760
020761
020763
020764
020765
020766
020768
020769
020770
020771
020772
020778
020781
020782
020783
020785
020787
020788
020789
020791
020792
020793
020795
020796
020801
020805
020807
020810
020812
020815
020824
020827
020832
020833
020834
020836
020837
020839
020840
020841
020846
020849
020850
020853
020858
020862
020865
020866
020867
020869
020872
020873
020875
020878
020882
020883
020884
020887
020889
020892
020893
020894
020895
020896
020898
020900
020901
020902
020904
020906
020907
020908
020909
020911
020912
020915
020917
020918
020921
020923
020925
020927
020928
020930
020931
020932
020933
020934
020937
020938
020941
020943
020944
020945
020946
020948
020950
020951
020953
020955
020958
020961
020963
020964
020965
020966
020969
020971
020975
020976
020977
020978
020980
020982
020984
020985
020986
020987
020989
020990
020991
020994
020998
020999
021002
021005
021006
021009
021010
021011
021012
021014
021015
021016
021017
021019
021021
021022
021023
021026
021028
021029
021030
021031
021033
021034
021038
021040
021041
021043
021044
021048
021049
021052
021053
021054
021055
021057
021058
021064
021066
021068
021071
021072
021074
021076
021077
021080
021082
021085
021086
021088
021089
021092
021093
021094
021097
021099
021100
021102
021104
021105
021107
021109
021111
021112
021114
021120
021123
021124
021127
021128
021130
021135
021136
021138
021140
021141
021142
021144
021149
021153
021154
021161
021162
021164
021165
021169
021170
021171
021172
021173
021174
021176
021177
021178
021183
021184
021186
021187
021189
021190
021191
021192
021194
021195
021196
021197
021198
021200
021202
021204
021205
021207
021208
021210
021211
021220
021224
021230
021231
021232
021233
021235
021238
021239
021241
021242
021243
021244
021245
021249
021251
021254
021255
021258
021260
021262
021263
021264
021265
021269
021270
021271
021273
021274
021276
021277
021280
021281
021282
021285
021286
021287
021289
021292
021293
021294
021295
021297
021298
021300
021302
021308
021309
021310
021311
021312
021313
021314
021318
021319
021321
021322
021323
021325
021326
021332
021334
021338
021340
021341
021342
021344
021345
021348
021349
021353
021354
021357
021360
021364
021365
021366
021367
021368
021369
021370
021375
021378
021379
021381
021383
021384
021385
021386
021388
021389
021392
021394
021396
021398
021399
021400
021401
021403
021404
021407
021409
021411
021412
021413
021415
021416
021417
021418
021420
021423
021426
021428
021431
021432
021434
021435
021436
021438
021439
021440
021442
021443
021445
021450
021452
021453
021458
021459
021460
021463
021468
021469
021470
021471
021472
021473
021474
021477
021478
021479
021480
021481
021484
021487
021488
021489
021493
021495
021496
021497
021498
021499
021500
021506
021508
021509
021512
021515
021517
021521
021524
021525
021526
021528
021530
021532
021538
021539
021540
021541
021546
021547
021548
021549
021553
021554
021555
021557
021562
021564
021565
021566
021567
021568
021569
021570
021571
021573
021574
021577
021578
021580
021582
021583
021584
021585
021587
021588
021591
021592
021593
021594
021595
021597
021599
021600
021601
021602
021603
021604
021610
021611
021615
021616
021619
021620
021622
021625
021626
021627
021628
021630
021632
021633
021638
021640
021641
021644
021645
021646
021648
021649
021651
021652
021653
021656
021657
021658
021662
021663
021664
021668
021671
021673
021674
021675
021677
021678
021679
021680
021681
021688
021690
021691
021692
021694
021695
021698
021700
021702
021704
021706
021707
021710
021712
021713
021714
021717
021718
021723
021724
021725
021727
021730
021731
021733
021738
021739
021740
021742
021747
021748
021749
021751
021752
021754
021755
021760
021763
021764
021766
021767
021769
021770
021771
021774
021776
021777
021779
021780
021782
021783
021784
021785
021786
021787
021790
021791
021794
021795
021796
021797
021798
021799
021800
021801
021802
021804
021805
021806
021807
021809
021810
021811
021814
021816
021820
021821
021822
021823
021826
021827
021828
021829
021830
021838
021843
021844
021845
021851
021853
021854
021859
021860
021862
021863
021864
021865
021867
021868
021869
021871
021873
021874
021877
021881
021882
021883
021884
021885
021886
021889
021891
021892
021897
021901
021902
021905
021906
021907
021909
021910
021911
021916
021919
021920
021921
021922
021925
021928
021929
021930
021933
021935
021936
021938
021940
021943
021945
021947
021950
021951
021952
021953
021955
021956
021958
021959
021963
021965
021966
021969
021970
021971
021974
021975
021977
021980
021981
021985
021988
021990
021991
021992
021997
021998
021999
022000
022001
022002
022003
022005
022006
022012
022013
022014
022015
022017
022020
022022
022023
022024
022028
022033
022034
022037
022039
022040
022041
022045
022046
022048
022049
022050
022052
022054
022056
022058
022059
022062
022063
022064
022065
022067
022068
022069
022070
022071
022073
022074
022076
022077
022078
022079
022081
022085
022087
022090
022091
022093
022094
022095
022096
022097
022098
022099
022101
022102
022103
022106
022107
022110
022111
022113
022117
022120
022122
022124
022125
022130
022131
022132
022133
022134
022138
022139
022140
022145
022148
022149
022154
022155
022156
022157
022159
022160
022161
022163
022165
022169
022170
022171
022172
022173
022174
022175
022176
022178
022179
022180
022181
022184
022185
022187
022188
022191
022193
022195
022197
022198
022199
022201
022202
022206
022207
022208
022209
022213
022215
022216
022218
022220
022223
022224
022229
022233
022235
022236
022237
022238
022242
022244
022245
022246
022252
022253
022254
022258
022259
022260
022261
022263
022265
022268
022271
022275
022276
022278
022279
022280
022282
022285
022286
022288
022289
022290
022291
022293
022294
022298
022299
022301
022303
022305
022308
022309
022311
022314
022315
022317
022318
022321
022322
022323
022325
022326
022327
022328
022329
022330
022331
022334
022335
022336
022338
022339
022342
022344
022345
022346
022349
022350
022351
022352
022353
022355
022358
022359
022360
022361
022362
022363
022365
022368
022369
022370
022372
022376
022378
022381
022383
022386
022387
022389
022390
022398
022400
022401
022402
022404
022405
022406
022408
022409
022410
022414
022415
022418
022419
022420
022422
022423
022424
022425
022426
022431
022432
022436
022439
022442
022443
022444
022450
022451
022458
022459
022461
022463
022465
022467
022469
022471
022472
022473
022474
022475
022476
022477
022478
022479
022483
022485
022487
022488
022491
022493
022496
022499
022500
022504
022506
022507
022508
022509
022516
022517
022520
022521
022522
022525
022527
022528
022529
022532
022534
022535
022536
022538
022539
022540
022541
022542
022543
022544
022545
022548
022549
022552
022555
022556
022557
022558
022559
022560
022562
022563
022564
022565
022566
022568
022570
022571
022572
022573
022577
022578
022579
022580
022581
022582
022583
022584
022586
022587
022589
022592
022593
022594
022596
022597
022599
022600
022602
022604
022605
022609
022614
022616
022619
022620
022621
022622
022623
022625
022626
022627
022629
022630
022631
022633
022635
022637
022644
022645
022646
022649
022650
022651
022652
022653
022655
022656
022657
022658
022659
022660
022663
022665
022667
022668
022669
022672
022673
022675
022677
022678
022680
022684
022686
022688
022690
022692
022695
022696
022697
022698
022699
022701
022705
022707
022709
022710
022711
022712
022713
022714
022715
022716
022718
022719
022720
022721
022722
022723
022727
022729
022730
022735
022737
022738
022739
022740
022742
022743
022745
022747
022748
022749
022750
022751
022754
022758
022760
022765
022766
022767
022769
022770
022771
022773
022776
022783
022785
022790
022791
022793
022794
022796
022798
022800
022802
022807
022809
022811
022812
022814
022818
022821
022825
022829
022830
022833
022834
022835
022838
022839
022841
022842
022846
022848
022849
022851
022852
022855
022856
022857
022862
022863
022864
022865
022866
022867
022870
022871
022872
022873
022876
022877
022878
022879
022881
022882
022884
022888
022889
022891
022894
022895
022896
022898
022900
022901
022904
022905
022906
022907
022908
022914
022915
022916
022917
022918
022922
022926
022929
022931
022932
022935
022937
022940
022941
022943
022945
022948
022949
022953
022954
022955
022956
022957
022958
022959
022962
022963
022964
022965
022966
022968
022970
022972
022973
022975
022976
022977
022978
022981
022984
022990
022991
022993
022996
022997
022999
023001
023002
023003
023004
023005
023006
023007
023008
023009
023011
023012
023013
023016
023021
023023
023025
023028
023029
023031
023034
023036
023038
023039
023040
023043
023044
023046
023048
023050
023053
023055
023057
023059
023061
023068
023070
023071
023073
023074
023075
023079
023081
023083
023084
023085
023086
023089
023090
023091
023092
023093
023098
023099
023102
023105
023106
023108
023109
023110
023111
023112
023114
023116
023118
023119
023120
023121
023122
023123
023124
023126
023128
023129
023130
023132
023134
023135
023136
023138
023139
023140
023143
023144
023146
023147
023148
023149
023151
023152
023153
023155
023158
023162
023163
023164
023165
023166
023168
023170
023172
023173
023177
023178
023179
023180
023181
023182
023184
023189
023190
023194
023195
023196
023197
023198
023200
023202
023204
023206
023207
023208
023209
023211
023212
023218
023222
023223
023224
023230
023231
023232
023234
023235
023238
023241
023242
023243
023244
023245
023246
023247
023248
023254
023256
023259
023262
023263
023265
023268
023271
023272
023273
023274
023276
023277
023280
023281
023283
023286
023287
023289
023290
023291
023294
023295
023296
023298
023299
023300
023301
023302
023303
023305
023309
023310
023311
023315
023317
023318
023319
023320
023322
023323
023325
023326
023330
023331
023333
023334
023335
023336
023337
023338
023339
023342
023343
023344
023345
023346
023347
023348
023349
023350
023353
023354
023356
023359
023360
023362
023363
023364
023368
023372
023376
023377
023379
023381
023384
023385
023389
023390
023391
023392
023393
023398
023404
023406
023409
023412
023414
023415
023416
023417
023421
023422
023423
023424
023427
023429
023430
023432
023433
023434
023435
023436
023438
023439
023441
023442
023443
023445
023447
023448
023449
023451
023452
023456
023457
023459
023461
023464
023466
023468
023472
023473
023474
023475
023477
023478
023479
023480
023481
023482
023483
023484
023487
023489
023490
023491
023492
023493
023496
023497
023498
023503
023504
023505
023506
023509
023512
023513
023515
023516
023517
023518
023519
023520
023521
023523
023524
023526
023530
023531
023533
023535
023537
023539
023541
023543
023544
023545
023547
023550
023553
023554
023557
023558
023560
023562
023564
023565
023568
023569
023573
023575
023576
023581
023584
023585
023586
023587
023588
023589
023590
023593
023594
023597
023600
023605
023606
023609
023610
023613
023614
023618
023619
023620
023621
023622
023623
023629
023631
023632
023634
023635
023637
023638
023639
023641
023642
023643
023644
023645
023646
023648
023651
023652
023653
023654
023656
023657
023658
023661
023662
023664
023665
023671
023674
023675
023677
023678
023681
023685
023686
023687
023688
023689
023691
023692
023695
023697
023698
023699
023700
023701
023702
023706
023708
023709
023710
023714
023715
023718
023719
023720
023722
023724
023726
023728
023729
023732
023733
023735
023736
023737
023739
023740
023741
023742
023743
023744
023745
023746
023750
023752
023754
023755
023756
023757
023762
023766
023767
023768
023769
023770
023773
023774
023777
023779
023780
023781
023782
023783
023787
023788
023789
023791
023792
023794
023795
023796
023798
023799
023800
023801
023802
023805
023807
023808
023809
023811
023812
023814
023816
023817
023819
023820
023821
023822
023823
023824
023825
023828
023829
023830
023832
023834
023835
023837
023838
023839
023841
023844
023845
023847
023848
023849
023851
023852
023853
023857
023858
023860
023861
023862
023863
023864
023866
023868
023871
023872
023874
023875
023876
023877
023878
023879
023880
023881
023882
023883
023884
023885
023890
023892
023893
023894
023896
023897
023898
023901
023902
023904
023905
023906
023908
023909
023911
023913
023915
023916
023917
023918
023920
023924
023927
023928
023931
023933
023934
023935
023936
023938
023940
023941
023946
023947
023948
023950
023951
023952
023953
023956
023957
023960
023961
023962
023963
023964
023967
023969
023972
023973
023974
023977
023979
023982
023984
023988
023990
023991
023993
023994
024000
024001
024005
024006
024010
024011
024017
024018
024021
024024
024028
024029
024031
024032
024034
024035
024036
024037
024039
024040
024041
024042
024043
024044
024045
024046
024047
024052
024053
024054
024060
024066
024067
024069
024070
024073
024074
024075
024076
024077
024078
024079
024082
024084
024085
024086
024092
024093
024094
024095
024096
024098
024099
024100
024102
024104
024105
024106
024108
024109
024110
024113
024114
024115
024116
024118
024120
024125
024126
024127
024130
024132
024133
024135
024138
024144
024145
024146
024147
024149
024151
024153
024155
024156
024161
024162
024163
024167
024168
024171
024172
024173
024174
024178
024179
024180
024181
024182
024187
024190
024192
024193
024195
024196
024197
024198
024199
024204
024205
024206
024207
024208
024209
024210
024211
024214
024217
024218
024220
024221
024222
024225
024228
024230
024231
024232
024234
024235
024239
024240
024242
024243
024245
024247
024248
024250
024251
024253
024254
024255
024257
024258
024259
024260
024261
024264
024267
024268
024269
024271
024275
024277
024279
024281
024282
024285
024286
024290
024293
024295
024301
024302
024306
024307
024309
024312
024313
024314
024317
024321
024324
024325
024326
024328
024332
024334
024340
024342
024343
024345
024346
024347
024348
024349
024350
024352
024354
024357
024358
024359
024360
024365
024368
024369
024374
024378
024380
024382
024383
024388
024389
024390
024392
024393
024395
024396
024399
024400
024401
024407
024408
024409
024412
024413
024415
024416
024417
024419
024422
024424
024425
024428
024429
024430
024431
024433
024437
024438
024439
024441
024444
024445
024447
024452
024454
024455
024456
024457
024459
024461
024462
024466
024468
024469
024475
024476
024477
024478
024479
024480
024481
024482
024483
024484
024486
024487
024488
024489
024490
024491
024492
024495
024496
024497
024499
024501
024504
024512
024513
024514
024516
024518
024519
024521
024522
024523
024528
024530
024531
024533
024534
024535
024536
024539
024540
024544
024545
024546
024548
024549
024551
024552
024553
024554
024557
024560
024561
024566
024567
024568
024571
024572
024577
024580
024581
024582
024583
024584
024585
024587
024588
024592
024601
024602
024604
024608
024610
024613
024615
024617
024622
024623
024624
024625
024626
024628
024631
024635
024636
024637
024639
024640
024641
024643
024644
024647
024648
024650
024652
024653
024654
024655
024657
024661
024663
024664
024667
024669
024670
024671
024672
024674
024675
024680
024681
024682
024686
024688
024691
024692
024694
024695
024699
024700
024702
024703
024705
024707
024708
024709
024710
024711
024712
024713
024718
024719
024720
024721
024723
024724
024725
024726
024727
024729
024730
024732
024735
024736
024737
024739
024741
024744
024745
024746
024747
024748
024750
024751
024752
024757
024758
024759
024762
024767
024768
024769
024770
024771
024777
024779
024780
024785
024787
024788
024789
024790
024791
024793
024794
024795
024800
024801
024803
024804
024806
024808
024809
024810
024811
024812
024814
024818
024820
024822
024824
024827
024828
024830
024831
024832
024833
024835
024836
024837
024839
024841
024843
024844
024845
024847
024848
024849
024850
024851
024852
024854
024855
024856
024860
024861
024864
024867
024870
024871
024874
024877
024881
024882
024887
024888
024889
024890
024891
024893
024894
024895
024897
024898
024899
024900
024901
024902
024903
024904
024905
024907
024909
024911
024913
024914
024915
024916
024918
024919
024920
024922
024926
024928
024930
024931
024932
024933
024934
024935
024936
024937
024939
024940
024942
024944
024945
024948
024954
024959
024960
024962
024967
024968
024969
024971
024972
024974
024977
024979
024980
024984
024985
024986
024988
024989
024990
024991
024992
024998
025002
025004
025006
025013
025015
025018
025019
025020
025022
025023
025025
025027
025028
025031
025037
025039
025045
025046
025050
025055
025056
025057
025058
025059
025061
025062
025064
025065
025066
025067
025069
025071
025072
025075
025076
025078
025081
025082
025083
025086
025087
025088
025090
025091
025093
025094
025097
025099
025100
025101
025102
025103
025105
025107
025109
025111
025112
025114
025116
025121
025122
025124
025125
025129
025134
025136
025139
025141
025142
025144
025145
025146
025149
025150
025152
025157
025158
025159
025161
025164
025169
025170
025171
025172
025174
025178
025179
025180
025182
025183
025185
025186
025189
025190
025192
025194
025195
025197
025201
025202
025203
025204
025206
025207
025211
025216
025219
025220
025221
025223
025225
025226
025227
025230
025231
025234
025235
025237
025238
025240
025242
025244
025245
025246
025247
025248
025250
025252
025254
025256
025258
025260
025261
025263
025265
025267
025268
025269
025270
025271
025272
025273
025276
025278
025279
025280
025283
025285
025287
025288
025289
025290
025291
025292
025293
025294
025296
025297
025298
025299
025301
025302
025304
025306
025307
025311
025312
025314
025315
025316
025319
025320
025322
025325
025327
025328
025330
025331
025332
025336
025338
025339
025341
025342
025344
025346
025350
025351
025352
025354
025355
025356
025357
025358
025360
025361
025363
025364
025365
025366
025367
025368
025369
025372
025373
025374
025375
025376
025383
025385
025386
025387
025388
025389
025391
025393
025396
025399
025401
025406
025407
025409
025412
025413
025414
025416
025417
025418
025421
025422
025423
025424
025430
025431
025435
025437
025439
025441
025443
025446
025447
025449
025450
025452
025454
025455
025457
025458
025459
025460
025462
025463
025464
025467
025468
025469
025470
025473
025475
025478
025480
025481
025485
025486
025487
025488
025491
025492
025493
025496
025499
025501
025503
025504
025505
025507
025509
025511
025512
025514
025516
025517
025518
025519
025521
025522
025523
025525
025526
025529
025531
025534
025536
025538
025539
025540
025541
025542
025543
025546
025547
025548
025549
025550
025555
025557
025558
025561
025563
025565
025566
025569
025571
025572
025573
025574
025576
025577
025579
025580
025581
025582
025586
025587
025588
025589
025590
025591
025593
025595
025596
025599
025602
025603
025604
025605
025608
025611
025612
025613
025614
025615
025617
025618
025619
025620
025621
025624
025625
025626
025629
025632
025633
025636
025637
025638
025641
025643
025644
025645
025648
025649
025650
025653
025655
025656
025658
025661
025664
025665
025666
025667
025668
025669
025670
025671
025672
025675
025679
025680
025684
025685
025686
025690
025692
025694
025696
025699
025701
025702
025704
025705
025706
025708
025709
025711
025712
025713
025717
025720
025722
025723
025724
025726
025727
025730
025733
025734
025736
025737
025739
025740
025741
025742
025743
025744
025750
025752
025754
025755
025756
025757
025758
025760
025761
025762
025763
025764
025766
025768
025769
025770
025771
025774
025775
025776
025777
025780
025781
025783
025785
025786
025788
025790
025791
025793
025794
025795
025796
025797
025798
025799
025800
025801
025803
025805
025810
025811
025812
025815
025817
025819
025821
025822
025823
025825
025826
025828
025830
025831
025833
025836
025837
025838
025839
025842
025844
025846
025847
025848
025849
025852
025853
025854
025855
025856
025857
025859
025861
025862
025865
025867
025868
025869
025873
025874
025878
025880
025881
025883
025887
025889
025890
025892
025893
025894
025897
025898
025900
025902
025903
025904
025905
025906
025909
025910
025913
025914
025917
025919
025920
025923
025931
025933
025934
025936
025937
025939
025941
025942
025943
025945
025946
025947
025948
025954
025956
025957
025958
025961
025963
025964
025966
025969
025971
025972
025974
025978
025979
025980
025983
025985
025986
025988
025989
025991
025993
025995
025997
025999
026002
026003
026004
026006
026007
026008
026010
026011
026012
026013
026016
026022
026023
026024
026026
026030
026031
026032
026033
026034
026035
026036
026038
026040
026042
026045
026049
026052
026054
026055
026056
026058
026060
026061
026062
026064
026065
026068
026071
026072
026073
026075
026077
026078
026079
026081
026083
026084
026091
026092
026093
026095
026097
026100
026101
026102
026106
026110
026112
026114
026115
026117
026118
026119
026121
026127
026128
026130
026135
026136
026138
026139
026140
026141
026143
026144
026146
026148
026149
026151
026152
026157
026159
026161
026163
026164
026165
026166
026172
026173
026176
026177
026179
026184
026185
026186
026187
026189
026191
026193
026198
026199
026201
026203
026208
026210
026211
026212
026215
026216
026217
026219
026220
026221
026224
026225
026227
026228
026229
026233
026234
026236
026237
026239
026245
026247
026249
026250
026255
026256
026257
026258
026259
026262
026264
026265
026266
026268
026269
026271
026272
026274
026276
026280
026284
026288
026289
026290
026291
026292
026296
026297
026299
026301
026302
026303
026304
026306
026308
026310
026312
026313
026315
026316
026318
026321
026322
026323
026324
026326
026330
026331
026332
026333
026334
026335
026336
026338
026340
026343
026344
026346
026348
026350
026351
026352
026353
026354
026356
026358
026359
026361
026362
026363
026364
026365
026368
026370
026372
026373
026374
026378
026379
026382
026383
026384
026388
026391
026393
026394
026396
026397
026398
026401
026402
026404
026405
026406
026407
026408
026409
026410
026412
026413
026416
026417
026420
026421
026422
026423
026424
026427
026428
026431
026436
026437
026442
026443
026444
026447
026449
026450
026452
026454
026455
026456
026457
026461
026462
026463
026464
026466
026469
026470
026476
026477
026478
026480
026483
026484
026485
026487
026489
026491
026492
026493
026494
026496
026499
026500
026501
026503
026504
026506
026507
026511
026512
026513
026515
026519
026522
026523
026529
026532
026534
026536
026537
026538
026539
026542
026543
026545
026547
026548
026549
026550
026552
026553
026554
026558
026560
026562
026563
026564
026566
026568
026569
026570
026571
026572
026580
026581
026582
026583
026585
026587
026588
026589
026593
026594
026597
026599
026603
026604
026606
026607
026610
026617
026618
026621
026622
026623
026625
026630
026633
026637
026638
026639
026640
026641
026642
026643
026647
026649
026650
026652
026653
026655
026657
026659
026660
026661
026662
026663
026664
026666
026667
026668
026669
026675
026676
026683
026684
026685
026686
026688
026689
026693
026696
026697
026700
026701
026702
026703
026705
026706
026708
026712
026713
026719
026721
026727
026728
026729
026730
026732
026733
026734
026735
026736
026740
026741
026743
026744
026745
026746
026748
026749
026750
026752
026753
026754
026758
026760
026761
026767
026768
026770
026772
026773
026776
026777
026778
026780
026782
026783
026784
026785
026786
026788
026792
026793
026795
026797
026798
026799
026802
026804
026806
026807
026810
026811
026815
026817
026820
026827
026829
026832
026836
026838
026839
026841
026845
026846
026848
026851
026853
026854
026855
026856
026857
026858
026860
026862
026865
026868
026871
026873
026877
026882
026884
026885
026886
026887
026888
026890
026896
026897
026899
026900
026901
026903
026907
026908
026909
026910
026914
026915
026916
026917
026920
026922
026923
026924
026925
026929
026932
026933
026934
026936
026939
026940
026942
026943
026944
026945
026947
026950
026954
026955
026956
026958
026960
026963
026964
026965
026968
026972
026973
026978
026987
026992
026994
026997
026998
026999
027005
027008
027009
027011
027012
027013
027015
027017
027018
027019
027023
027025
027026
027027
027028
027030
027032
027033
027034
027035
027036
027037
027038
027040
027041
027043
027044
027045
027047
027048
027049
027050
027052
027054
027059
027060
027062
027068
027069
027072
027073
027076
027077
027080
027083
027084
027085
027086
027089
027091
027092
027093
027095
027100
027102
027105
027106
027108
027109
027112
027116
027119
027122
027123
027124
027126
027127
027129
027131
027133
027134
027135
027136
027137
027138
027139
027140
027144
027147
027149
027150
027151
027152
027153
027154
027158
027160
027162
027164
027165
027170
027171
027173
027175
027177
027183
027184
027185
027186
027188
027191
027192
027194
027196
027197
027198
027201
027202
027203
027207
027208
027209
027210
027212
027214
027216
027218
027222
027224
027227
027231
027232
027235
027236
027237
027238
027239
027240
027242
027246
027247
027248
027251
027252
027253
027254
027255
027256
027257
027259
027261
027263
027264
027265
027267
027268
027271
027274
027275
027281
027282
027284
027286
027287
027290
027291
027292
027293
027294
027295
027298
027304
027307
027308
027310
027312
027315
027316
027317
027319
027321
027323
027325
027328
027329
027330
027333
027334
027336
027337
027338
027339
027340
027341
027342
027344
027350
027351
027353
027354
027356
027358
027360
027361
027365
027366
027368
027369
027370
027374
027375
027377
027378
027379
027380
027381
027382
027383
027384
027386
027388
027389
027390
027391
027392
027395
027397
027398
027399
027400
027401
027405
027407
027409
027410
027412
027414
027415
027416
027417
027418
027419
027420
027421
027422
027423
027424
027426
027427
027428
027430
027433
027434
027435
027436
027438
027440
027442
027443
027446
027447
027454
027456
027460
027461
027462
027463
027466
027468
027469
027470
027471
027473
027474
027478
027479
027481
027482
027483
027487
027489
027490
027491
027493
027494
027495
027496
027497
027499
027500
027501
027507
027509
027510
027511
027515
027516
027521
027524
027525
027526
027530
027531
027532
027533
027534
027536
027537
027542
027547
027548
027549
027551
027553
027554
027556
027557
027560
027561
027562
027563
027568
027569
027570
027573
027574
027576
027577
027579
027580
027581
027583
027584
027585
027586
027587
027589
027592
027593
027597
027599
027600
027603
027605
027608
027610
027612
027613
027614
027615
027617
027620
027622
027623
027624
027625
027627
027629
027632
027633
027636
027637
027639
027641
027642
027643
027644
027646
027651
027653
027654
027655
027658
027659
027660
027661
027662
027664
027665
027666
027668
027670
027671
027675
027676
027677
027678
027681
027683
027686
027688
027695
027699
027700
027701
027703
027708
027709
027710
027712
027714
027715
027717
027718
027719
027720
027723
027724
027726
027727
027729
027730
027731
027732
027734
027737
027739
027740
027741
027743
027744
027746
027749
027751
027753
027755
027758
027759
027760
027761
027762
027764
027770
027772
027775
027777
027778
027779
027780
027783
027784
027785
027787
027789
027790
027791
027792
027794
027795
027796
027799
027800
027801
027804
027805
027806
027807
027808
027811
027812
027816
027818
027820
027821
027826
027828
027829
027830
027834
027839
027840
027842
027843
027844
027847
027850
027851
027854
027855
027857
027858
027860
027862
027863
027864
027868
027870
027871
027872
027874
027882
027884
027885
027888
027889
027891
027892
027893
027894
027896
027898
027899
027900
027902
027904
027905
027906
027908
027912
027913
027914
027916
027917
027918
027922
027923
027924
027925
027926
027928
027934
027936
027938
027941
027942
027943
027945
027946
027947
027949
027955
027957
027958
027961
027962
027963
027965
027968
027970
027972
027974
027975
027976
027977
027978
027979
027984
027985
027988
027990
027991
027992
027993
027994
027996
027997
028001
028002
028003
028004
028005
028006
028008
028009
028010
028011
028012
028013
028016
028017
028021
028023
028024
028029
028030
028031
028032
028033
028037
028041
028042
028046
028047
028049
028050
028051
028053
028056
028057
028059
028064
028066
028067
028068
028069
028071
028072
028073
028074
028075
028080
028081
028082
028083
028084
028086
028087
028088
028090
028091
028092
028097
028098
028101
028105
028107
028108
028109
028111
028113
028114
028118
028119
028120
028123
028125
028126
028128
028129
028130
028132
028134
028135
028137
028140
028141
028143
028145
028146
028150
028151
028153
028154
028157
028158
028159
028160
028163
028164
028165
028166
028168
028170
028173
028175
028177
028184
028185
028186
028187
028194
028196
028197
028198
028201
028203
028204
028205
028206
028207
028208
028209
028211
028216
028217
028218
028219
028225
028226
028227
028229
028231
028234
028236
028239
028240
028241
028243
028244
028248
028251
028252
028258
028259
028260
028262
028268
028269
028270
028273
028274
028276
028277
028280
028285
028286
028288
028289
028292
028293
028295
028296
028297
028299
028303
028304
028305
028309
028310
028311
028312
028313
028315
028316
028317
028318
028319
028321
028322
028323
028324
028328
028331
028332
028334
028335
028336
028338
028342
028349
028350
028351
028352
028357
028359
028360
028363
028364
028367
028368
028370
028371
028380
028381
028382
028384
028385
028387
028390
028392
028393
028396
028397
028399
028402
028403
028405
028407
028409
028410
028412
028414
028415
028416
028417
028418
028420
028421
028422
028423
028424
028428
028429
028433
028435
028437
028438
028440
028441
028444
028447
028448
028449
028454
028456
028457
028458
028460
028461
028463
028464
028465
028470
028475
028480
028482
028483
028490
028491
028492
028493
028494
028495
028496
028498
028501
028504
028505
028506
028509
028510
028512
028515
028516
028520
028522
028523
028524
028527
028528
028529
028531
028532
028533
028536
028537
028539
028543
028544
028547
028549
028551
028552
028553
028554
028555
028557
028558
028559
028560
028561
028562
028563
028565
028567
028568
028571
028575
028576
028578
028579
028580
028581
028582
028583
028585
028586
028587
028589
028594
028596
028597
028598
028599
028604
028607
028609
028610
028612
028613
028614
028615
028617
028618
028619
028620
028622
028623
028625
028628
028629
028630
028633
028634
028636
028637
028639
028641
028643
028644
028646
028647
028652
028653
028654
028655
028659
028660
028663
028664
028667
028668
028669
028671
028674
028675
028676
028678
028679
028680
028682
028684
028685
028687
028688
028689
028690
028691
028692
028693
028694
028700
028703
028707
028709
028710
028712
028716
028717
028718
028719
028720
028721
028725
028726
028729
028731
028732
028736
028737
028739
028740
028742
028743
028744
028745
028746
028749
028750
028753
028755
028756
028757
028758
028760
028764
028765
028766
028767
028769
028771
028772
028773
028774
028775
028776
028777
028779
028782
028784
028785
028786
028788
028789
028792
028797
028800
028801
028803
028804
028805
028806
028808
028810
028821
028823
028824
028828
028831
028832
028834
028838
028843
028844
028846
028848
028849
028850
028851
028854
028855
028856
028857
028859
028861
028863
028866
028867
028868
028870
028871
028872
028874
028876
028881
028883
028884
028885
028886
028889
028890
028894
028896
028898
028900
028901
028903
028904
028907
028909
028910
028911
028913
028916
028923
028926
028927
028928
028929
028930
028931
028932
028933
028934
028938
028939
028942
028943
028944
028945
028946
028947
028948
028949
028950
028953
028954
028956
028961
028963
028964
028965
028966
028967
028968
028969
028970
028972
028976
028977
028980
028981
028982
028983
028984
028986
028987
028988
028991
028992
028997
028998
029002
029006
029008
029012
029017
029019
029022
029023
029024
029027
029031
029032
029033
029034
029035
029036
029037
029038
029041
029043
029044
029045
029046
029047
029050
029051
029053
029054
029055
029057
029058
029060
029062
029064
029067
029068
029069
029070
029071
029073
029074
029077
029079
029081
029084
029086
029088
029089
029092
029095
029096
029097
029098
029099
029100
029105
029108
029111
029114
029115
029116
029117
029118
029125
029126
029127
029128
029129
029130
029132
029134
029136
029137
029140
029142
029143
029144
029149
029150
029152
029154
029156
029157
029158
029159
029160
029161
029163
029164
029166
029167
029168
029171
029172
029174
029176
029178
029180
029182
029183
029185
029186
029187
029188
029189
029190
029191
029197
029202
029203
029204
029208
029209
029210
029212
029213
029214
029215
029219
029220
029223
029226
029227
029229
029230
029231
029232
029233
029234
029235
029238
029242
029245
029246
029248
029249
029250
029251
029252
029253
029254
029255
029257
029260
029261
029263
029264
029266
029267
029270
029271
029272
029275
029278
029282
029284
029287
029288
029290
029296
029297
029298
029301
029302
029305
029306
029308
029309
029312
029313
029315
029316
029320
029324
029330
029331
029332
029337
029339
029340
029341
029342
029343
029345
029347
029348
029351
029352
029353
029355
029357
029362
029365
029366
029367
029370
029373
029374
029376
029378
029380
029381
029382
029383
029387
029389
029390
029391
029393
029396
029398
029402
029404
029405
029406
029409
029410
029411
029413
029416
029419
029427
029428
029429
029430
029431
029435
029442
029444
029445
029446
029447
029450
029451
029453
029455
029456
029457
029458
029462
029465
029466
029469
029471
029475
029476
029477
029479
029480
029481
029482
029485
029486
029491
029492
029494
029495
029499
029500
029501
029506
029507
029508
029509
029511
029512
029514
029519
029521
029522
029523
029524
029526
029528
029529
029530
029533
029538
029542
029543
029544
029545
029549
029550
029551
029552
029553
029554
029555
029558
029559
029565
029566
029568
029571
029573
029574
029577
029579
029580
029583
029587
029588
029594
029598
029599
029603
029609
029610
029611
029612
029614
029616
029618
029619
029620
029621
029622
029623
029625
029626
029628
029629
029631
029634
029635
029638
029642
029644
029646
029647
029648
029650
029652
029653
029655
029656
029660
029661
029662
029664
029665
029667
029674
029676
029677
029678
029679
029683
029684
029685
029688
029691
029692
029693
029695
029696
029697
029700
029701
029702
029706
029707
029709
029711
029712
029717
029719
029730
029732
029733
029735
029737
029739
029740
029741
029744
029745
029748
029750
029753
029754
029755
029757
029758
029761
029762
029763
029766
029769
029770
029771
029772
029773
029775
029776
029777
029778
029779
029781
029785
029786
029789
029791
029792
029793
029794
029796
029799
029801
029802
029803
029804
029807
029808
029811
029815
029816
029817
029819
029821
029822
029823
029825
029826
029829
029833
029834
029836
029837
029838
029839
029840
029842
029845
029848
029849
029851
029852
029853
029855
029862
029865
029866
029867
029872
029873
029875
029876
029879
029880
029881
029883
029884
029885
029886
029887
029888
029889
029890
029892
029893
029894
029896
029897
029898
029899
029902
029903
029905
029906
029907
029908
029909
029912
029914
029915
029916
029917
029918
029922
029923
029924
029925
029927
029928
029930
029931
029932
029933
029934
029935
029938
029939
029941
029942
029944
029945
029946
029948
029949
029952
029954
029956
029959
029960
029961
029966
029967
029968
029969
029971
029973
029974
029975
029976
029977
029979
029983
029984
029986
029988
029989
029990
029994
029995
029996
029997
029998
030000
030002
030003
030005
030007
030008
030009
030010
030011
030014
030015
030016
030018
030023
030025
030027
030029
030030
030033
030035
030040
030042
030043
030044
030046
030047
030048
030050
030052
030055
030056
030058
030060
030062
030065
030068
030069
030071
030072
030077
030083
030086
030089
030090
030091
030093
030095
030096
030098
030099
030100
030102
030106
030107
030108
030110
030111
030112
030114
030115
030118
030121
030122
030123
030124
030125
030127
030131
030136
030137
030138
030141
030145
030146
030147
030150
030151
030153
030154
030157
030158
030159
030160
030163
030164
030165
030170
030171
030174
030176
030179
030188
030189
030190
030193
030194
030196
030197
030198
030199
030200
030202
030203
030204
030208
030211
030212
030213
030214
030217
030218
030220
030225
030226
030227
030228
030229
030230
030234
030238
030240
030243
030244
030246
030247
030249
030250
030251
030252
030255
030259
030260
030261
030263
030266
030268
030270
030271
030273
030274
030275
030277
030278
030279
030280
030282
030283
030286
030288
030290
030294
030295
030297
030299
030300
030302
030303
030304
030305
030306
030307
030308
030310
030311
030313
030314
030316
030317
030318
030319
030322
030323
030324
030325
030328
030330
030331
030332
030333
030335
030336
030339
030340
030341
030343
030345
030346
030348
030349
030353
030354
030355
030360
030361
030362
030364
030365
030367
030371
030372
030375
030377
030379
030380
030382
030383
030386
030388
030391
030392
030394
030396
030399
030400
030401
030403
030405
030406
030407
030408
030411
030412
030414
030416
030419
030420
030421
030423
030425
030426
030427
030428
030429
030430
030432
030433
030434
030440
030441
030443
030444
030445
030447
030448
030449
030450
030451
030452
030455
030459
030462
030465
030466
030470
030471
030473
030476
030478
030479
030480
030486
030487
030494
030497
030498
030501
030504
030505
030506
030507
030508
030509
030515
030516
030517
030519
030520
030521
030522
030524
030526
030527
030529
030532
030533
030534
030535
030538
030541
030544
030547
030548
030550
030552
030558
030560
030561
030563
030564
030565
030566
030571
030574
030576
030577
030578
030579
030581
030582
030583
030584
030585
030586
030588
030590
030591
030595
030604
030610
030611
030612
030613
030619
030623
030624
030626
030632
030634
030635
030638
030640
030641
030642
030643
030645
030647
030651
030652
030653
030654
030656
030658
030659
030660
030661
030665
030669
030670
030671
030673
030674
030679
030682
030685
030687
030690
030691
030692
030693
030695
030696
030698
030702
030703
030706
030707
030708
030709
030710
030711
030712
030713
030715
030718
030724
030726
030729
030732
030733
030736
030738
030739
030741
030744
030745
030747
030748
030750
030751
030752
030754
030755
030756
030758
030766
030768
030770
030771
030773
030774
030775
030776
030777
030778
030780
030783
030786
030790
030791
030792
030796
030798
030799
030800
030801
030802
030805
030807
030811
030812
030817
030819
030820
030822
030826
030828
030830
030832
030833
030834
030835
030839
030843
030844
030845
030848
030850
030851
030852
030853
030854
030858
030861
030862
030865
030866
030867
030868
030869
030870
030873
030874
030876
030877
030880
030883
030884
030885
030887
030888
030891
030892
030896
030897
030898
030900
030903
030904
030907
030908
030911
030914
030915
030916
030917
030918
030920
030923
030925
030926
030929
030932
030935
030936
030937
030939
030941
030944
030949
030951
030953
030954
030955
030956
030957
030958
030959
030960
030961
030962
030963
030969
030970
030971
030974
030975
030977
030981
030983
030984
030985
030986
030987
030988
030989
030990
030991
030992
030993
030995
030997
030998
030999
031000
031001
031002
031004
031006
031007
031009
031011
031014
031015
031016
031021
031022
031024
031025
031026
031028
031030
031031
031032
031033
031034
031035
031036
031037
031039
031041
031042
031043
031044
031047
031048
031050
031051
031053
031055
031058
031059
031061
031062
031064
031067
031070
031075
031077
031079
031080
031083
031087
031088
031089
031090
031092
031093
031094
031097
031098
031099
031100
031101
031103
031104
031105
031106
031108
031109
031111
031113
031116
031118
031126
031127
031132
031133
031134
031136
031138
031141
031142
031144
031145
031147
031148
031150
031151
031153
031155
031156
031158
031160
031161
031164
031166
031168
031171
031172
031173
031175
031176
031177
031178
031179
031180
031181
031182
031183
031184
031187
031188
031195
031196
031201
031202
031203
031204
031205
031211
031213
031215
031217
031218
031219
031220
031221
031223
031225
031226
031227
031228
031229
031230
031231
031232
031233
031234
031236
031238
031239
031240
031243
031244
031245
031246
031247
031250
031251
031252
031253
031254
031255
031256
031257
031258
031260
031261
031263
031264
031265
031266
031269
031271
031273
031274
031276
031277
031279
031280
031281
031282
031283
031284
031285
031287
031288
031290
031292
031296
031297
031298
031302
031303
031305
031309
031310
031311
031313
031315
031316
031317
031318
031319
031320
031321
031323
031324
031326
031328
031329
031332
031333
031334
031335
031337
031342
031343
031344
031346
031347
031350
031353
031354
031355
031358
031360
031361
031365
031366
031367
031369
031370
031371
031374
031375
031377
031381
031382
031383
031384
031385
031386
031387
031391
031392
031400
031402
031403
031404
031406
031407
031409
031413
031415
031416
031419
031421
031422
031423
031424
031428
031429
031434
031436
031437
031438
031440
031442
031443
031445
031447
031448
031450
031457
031460
031462
031465
031466
031468
031474
031475
031478
031481
031482
031483
031485
031486
031488
031490
031491
031492
031493
031495
031497
031498
031501
031503
031504
031505
031506
031508
031510
031511
031512
031514
031515
031516
031518
031521
031522
031524
031526
031527
031529
031532
031533
031536
031538
031539
031541
031543
031545
031546
031547
031548
031551
031553
031554
031555
031556
031557
031559
031561
031562
031565
031567
031569
031573
031574
031575
031576
031578
031580
031584
031587
031589
031592
031593
031594
031595
031597
031600
031602
031608
031609
031611
031613
031614
031615
031618
031620
031621
031623
031625
031629
031635
031636
031640
031642
031643
031644
031645
031646
031648
031652
031663
031665
031666
031668
031669
031676
031677
031681
031682
031683
031684
031685
031687
031692
031693
031699
031700
031704
031705
031706
031714
031715
031716
031719
031720
031723
031724
031725
031729
031730
031731
031733
031734
031735
031736
031741
031742
031745
031749
031750
031752
031753
031755
031757
031758
031760
031761
031762
031763
031765
031768
031770
031771
031772
031773
031774
031776
031777
031778
031779
031780
031782
031783
031784
031787
031790
031791
031794
031796
031797
031800
031801
031802
031805
031812
031815
031816
031818
031821
031824
031826
031829
031832
031833
031834
031837
031839
031842
031844
031845
031846
031848
031849
031850
031852
031853
031854
031855
031857
031859
031862
031865
031866
031867
031869
031871
031874
031876
031878
031879
031880
031881
031882
031884
031885
031888
031889
031890
031892
031893
031894
031896
031897
031898
031899
031900
031901
031903
031904
031907
031908
031910
031914
031916
031921
031924
031925
031926
031927
031928
031929
031935
031946
031947
031949
031953
031956
031957
031959
031960
031961
031962
031963
031964
031966
031967
031971
031972
031973
031974
031975
031976
031978
031979
031985
031986
031988
031990
031991
031992
031994
031995
031997
031998
031999
032001
032002
032004
032005
032006
032007
032010
032013
032014
032018
032023
032025
032029
032031
032032
032034
032036
032037
032038
032043
032044
032046
032047
032048
032053
032055
032056
032057
032058
032059
032061
032066
032069
032070
032071
032072
032073
032074
032077
032080
032081
032083
032086
032088
032091
032092
032094
032096
032098
032099
032103
032104
032105
032106
032108
032112
032113
032114
032117
032121
032122
032125
032128
032129
032130
032135
032137
032141
032143
032145
032146
032148
032152
032157
032158
032159
032160
032162
032163
032167
032170
032173
032174
032176
032178
032184
032185
032186
032187
032190
032191
032192
032193
032195
032197
032198
032201
032203
032205
032206
032207
032208
032209
032210
032214
032216
032218
032219
032224
032225
032226
032229
032230
032232
032234
032235
032236
032240
032245
032246
032247
032249
032250
032251
032252
032255
032257
032258
032262
032263
032264
032265
032266
032268
032269
032271
032274
032276
032278
032279
032280
032281
032283
032284
032286
032287
032288
032291
032292
032293
032294
032295
032297
032299
032301
032302
032303
032304
032306
032309
032310
032311
032312
032313
032314
032315
032316
032318
032319
032320
032323
032325
032327
032328
032329
032330
032332
032334
032336
032337
032338
032340
032341
032343
032344
032345
032347
032349
032350
032351
032352
032353
032354
032355
032356
032357
032359
032363
032365
032368
032373
032375
032377
032381
032383
032384
032385
032386
032389
032390
032392
032394
032395
032396
032398
032399
032403
032406
032409
032411
032413
032416
032417
032418
032420
032422
032427
032433
032435
032437
032439
032441
032443
032446
032447
032448
032450
032451
032454
032455
032461
032464
032466
032468
032469
032470
032472
032473
032474
032477
032484
032485
032486
032487
032489
032490
032491
032495
032501
032502
032505
032506
032507
032509
032510
032511
032513
032514
032515
032516
032517
032520
032524
032529
032531
032533
032535
032536
032537
032538
032540
032541
032544
032546
032547
032549
032551
032559
032561
032564
032565
032566
032567
032570
032572
032575
032576
032577
032579
032583
032585
032586
032587
032588
032590
032591
032594
032595
032596
032598
032599
032601
032602
032604
032605
032607
032608
032610
032611
032612
032616
032619
032622
032624
032625
032628
032630
032633
032634
032636
032638
032639
032640
032642
032643
032648
032649
032650
032653
032654
032655
032660
032661
032662
032664
032666
032668
032669
032672
032674
032675
032677
032679
032680
032681
032683
032684
032685
032686
032687
032688
032690
032691
032693
032695
032696
032697
032700
032702
032703
032706
032708
032709
032716
032723
032724
032725
032730
032734
032738
032739
032742
032743
032745
032747
032749
032750
032751
032754
032757
032758
032760
032762
032763
032766
032767
032768
032769
032770
032771
032772
032773
032774
032776
032777
032778
032779
032780
032781
032785
032786
032789
032790
032794
032795
032796
032797
032798
032799
032801
032804
032805
032807
032809
032811
032812
032814
032817
032818
032819
032822
032824
032825
032828
032835
032836
032838
032840
032841
032843
032845
032846
032847
032851
032852
032853
032854
032856
032857
032858
032859
032862
032863
032864
032865
032867
032868
032870
032871
032873
032874
032875
032878
032879
032880
032881
032882
032883
032886
032887
032889
032890
032891
032892
032893
032894
032896
032898
032900
032904
032905
032906
032907
032909
032912
032918
032920
032921
032922
032924
032927
032930
032932
032933
032935
032936
032937
032938
032940
032941
032943
032944
032946
032947
032948
032949
032950
032951
032953
032954
032955
032956
032957
032958
032960
032961
032962
032966
032967
032968
032969
032971
032973
032974
032975
032977
032978
032980
032982
032984
032985
032987
032988
032992
032993
032994
032995
032997
032998
033000
033001
033002
033003
033004
033005
033008
033011
033017
033018
033019
033021
033022
033023
033024
033025
033027
033029
033030
033031
033032
033035
033038
033041
033042
033045
033048
033050
033051
033052
033055
033057
033060
033063
033064
033066
033067
033069
033071
033073
033074
033076
033077
033078
033080
033081
033083
033085
033086
033088
033089
033091
033092
033093
033094
033098
033102
033104
033105
033108
033110
033111
033112
033114
033115
033116
033117
033118
033119
033120
033122
033123
033125
033127
033128
033129
033131
033132
033133
033134
033139
033141
033143
033145
033146
033148
033152
033153
033154
033155
033156
033157
033159
033161
033162
033165
033166
033167
033169
033170
033171
033175
033176
033178
033179
033181
033182
033183
033184
033189
033190
033192
033193
033194
033195
033197
033198
033199
033204
033205
033208
033212
033213
033215
033216
033219
033220
033223
033224
033225
033226
033227
033228
033229
033230
033231
033232
033235
033236
033238
033240
033241
033242
033243
033244
033245
033246
033247
033248
033250
033251
033254
033256
033257
033259
033260
033262
033263
033264
033265
033268
033269
033270
033273
033274
033277
033279
033286
033287
033289
033290
033291
033292
033296
033297
033298
033300
033301
033304
033305
033306
033311
033315
033316
033317
033318
033321
033322
033323
033324
033326
033327
033330
033331
033332
033335
033338
033339
033340
033341
033342
033345
033346
033347
033348
033350
033353
033354
033357
033358
033359
033363
033364
033365
033367
033369
033370
033373
033375
033377
033378
033384
033385
033386
033387
033390
033393
033394
033395
033396
033397
033398
033399
033402
033404
033408
033411
033413
033418
033421
033424
033425
033428
033431
033432
033434
033435
033436
033437
033438
033444
033446
033448
033449
033450
033456
033459
033460
033461
033463
033465
033466
033467
033468
033470
033476
033478
033480
033485
033486
033489
033490
033491
033493
033496
033497
033498
033502
033503
033504
033508
033510
033511
033516
033518
033520
033521
033524
033525
033527
033530
033531
033534
033537
033538
033540
033541
033542
033543
033544
033545
033547
033548
033550
033551
033552
033554
033555
033557
033558
033559
033560
033562
033563
033565
033569
033570
033571
033572
033573
033574
033577
033578
033579
033580
033581
033583
033584
033588
033590
033591
033592
033593
033596
033598
033599
033601
033602
033603
033604
033606
033608
033609
033610
033612
033613
033614
033615
033617
033619
033620
033623
033625
033626
033627
033628
033629
033630
033631
033633
033634
033635
033636
033638
033639
033642
033643
033644
033649
033651
033652
033653
033655
033660
033661
033663
033664
033665
033667
033668
033674
033677
033678
033679
033680
033683
033685
033686
033687
033690
033692
033693
033701
033702
033703
033704
033705
033708
033709
033710
033711
033713
033716
033717
033720
033722
033723
033724
033725
033726
033727
033728
033731
033733
033734
033735
033736
033739
033740
033743
033744
033745
033746
033747
033748
033755
033756
033757
033760
033762
033763
033764
033768
033770
033771
033772
033773
033774
033775
033777
033778
033779
033780
033782
033784
033786
033791
033793
033794
033795
033797
033798
033799
033800
033802
033804
033805
033807
033808
033809
033811
033812
033816
033820
033822
033823
033824
033825
033831
033832
033835
033839
033841
033844
033846
033847
033848
033850
033853
033855
033856
033857
033859
033860
033861
033862
033863
033865
033869
033870
033871
033872
033873
033875
033876
033879
033880
033881
033883
033886
033889
033890
033891
033892
033894
033895
033896
033897
033900
033904
033906
033907
033908
033909
033911
033912
033913
033914
033915
033916
033917
033919
033920
033922
033924
033925
033927
033930
033932
033940
033941
033943
033944
033947
033948
033951
033952
033953
033954
033956
033960
033961
033963
033965
033966
033968
033970
033972
033974
033976
033979
033980
033982
033986
033987
033989
033991
033992
033993
033994
033997
033998
034000
034001
034002
034004
034005
034006
034009
034010
034013
034014
034016
034017
034019
034020
034021
034025
034028
034033
034035
034038
034041
034043
034044
034045
034046
034047
034049
034051
034052
034053
034054
034055
034056
034059
034063
034064
034066
034067
034069
034070
034071
034073
034074
034077
034078
034079
034082
034083
034084
034086
034091
034092
034093
034096
034097
034101
034103
034104
034106
034108
034114
034115
034116
034120
034123
034124
034125
034130
034131
034132
034134
034137
034138
034141
034142
034144
034147
034148
034150
034152
034153
034155
034156
034158
034161
034163
034165
034169
034170
034171
034173
034174
034175
034176
034178
034180
034184
034185
034186
034187
034189
034190
034191
034194
034198
034199
034202
034203
034208
034209
034210
034217
034219
034222
034225
034226
034230
034231
034232
034234
034235
034237
034238
034239
034242
034243
034244
034246
034248
034253
034254
034255
034256
034258
034260
034262
034263
034265
034266
034268
034270
034271
034272
034273
034275
034276
034278
034280
034281
034283
034284
034287
034288
034290
034293
034294
034297
034298
034299
034302
034303
034304
034306
034308
034311
034312
034313
034315
034318
034320
034323
034324
034325
034327
034328
034330
034331
034335
034336
034337
034338
034340
034341
034342
034347
034350
034351
034354
034358
034360
034362
034363
034364
034368
034371
034372
034373
034376
034377
034378
034383
034384
034390
034391
034393
034395
034396
034397
034400
034401
034402
034404
034409
034412
034413
034415
034416
034417
034419
034420
034421
034423
034426
034428
034430
034431
034432
034441
034442
034443
034444
034445
034447
034448
034449
034451
034453
034455
034456
034457
034458
034461
034463
034466
034467
034468
034469
034471
034472
034473
034475
034476
034477
034479
034480
034483
034484
034490
034494
034496
034499
034502
034503
034504
034505
034506
034509
034510
034514
034515
034516
034517
034518
034521
034522
034523
034526
034529
034533
034534
034538
034540
034542
034543
034544
034545
034547
034551
034552
034553
034558
034559
034561
034564
034565
034566
034567
034568
034569
034570
034574
034575
034576
034579
034581
034583
034586
034588
034594
034595
034597
034601
034602
034603
034605
034610
034611
034612
034613
034614
034615
034616
034617
034619
034621
034622
034624
034625
034627
034629
034632
034633
034635
034638
034639
034640
034641
034642
034643
034645
034648
034651
034652
034657
034658
034659
034660
034662
034666
034667
034668
034670
034672
034674
034676
034677
034678
034687
034688
034689
034692
034697
034704
034705
034706
034709
034710
034718
034721
034722
034729
034731
034733
034734
034735
034740
034741
034744
034746
034747
034750
034753
034754
034755
034756
034757
034759
034760
034762
034763
034765
034768
034769
034771
034772
034773
034775
034777
034778
034780
034787
034788
034789
034792
034793
034794
034796
034797
034799
034800
034803
034804
034806
034811
034812
034815
034816
034817
034821
034823
034824
034825
034826
034827
034829
034830
034833
034834
034836
034837
034840
034841
034842
034843
034844
034845
034846
034847
034848
034857
034862
034864
034865
034867
034873
034875
034877
034878
034879
034880
034883
034886
034891
034892
034893
034894
034899
034902
034905
034906
034908
034909
034911
034912
034913
034914
034917
034918
034920
034921
034922
034924
034926
034930
034931
034933
034935
034936
034937
034939
034941
034942
034943
034944
034945
034947
034948
034949
034950
034951
034953
034954
034958
034961
034963
034966
034968
034973
034975
034977
034978
034979
034983
034984
034986
034987
034991
034994
034998
035001
035002
035005
035008
035009
035013
035014
035015
035016
035020
035023
035024
035027
035029
035030
035031
035035
035036
035037
035038
035039
035041
035042
035044
035045
035047
035048
035050
035051
035054
035055
035058
035059
035062
035065
035068
035070
035072
035074
035075
035076
035078
035081
035083
035084
035085
035086
035092
035093
035094
035095
035098
035101
035102
035106
035108
035110
035111
035112
035115
035116
035118
035119
035121
035124
035125
035126
035127
035128
035130
035137
035139
035141
035143
035145
035146
035147
035148
035151
035153
035156
035157
035158
035163
035164
035170
035171
035179
035181
035182
035186
035187
035188
035191
035193
035194
035198
035200
035201
035202
035203
035204
035205
035206
035207
035209
035210
035211
035212
035213
035216
035218
035221
035222
035223
035224
035225
035228
035230
035231
035234
035236
035239
035240
035241
035243
035244
035248
035250
035251
035252
035253
035254
035256
035257
035258
035260
035261
035262
035263
035265
035266
035267
035268
035272
035276
035277
035278
035279
035280
035281
035283
035285
035286
035287
035288
035290
035291
035296
035297
035298
035299
035300
035302
035303
035307
035310
035314
035318
035319
035320
035321
035322
035327
035328
035331
035332
035335
035338
035341
035342
035343
035344
035345
035346
035348
035350
035351
035356
035357
035358
035359
035362
035363
035364
035365
035367
035370
035371
035372
035373
035376
035379
035380
035381
035382
035383
035384
035386
035387
035388
035389
035390
035391
035392
035393
035396
035397
035401
035403
035406
035407
035409
035414
035415
035419
035420
035423
035424
035428
035429
035430
035431
035433
035435
035436
035437
035438
035439
035440
035441
035442
035443
035444
035445
035448
035450
035451
035452
035456
035461
035462
035463
035464
035465
035467
035468
035470
035471
035472
035473
035475
035477
035478
035479
035480
035481
035483
035488
035490
035492
035494
035497
035499
035501
035502
035503
035505
035509
035510
035511
035512
035516
035517
035518
035519
035520
035522
035523
035524
035525
035528
035529
035530
035531
035532
035536
035537
035540
035542
035543
035544
035545
035547
035549
035550
035553
035554
035555
035556
035557
035558
035561
035562
035563
035566
035569
035575
035579
035580
035581
035582
035583
035584
035585
035587
035588
035589
035593
035595
035596
035597
035598
035599
035600
035601
035602
035603
035604
035605
035606
035608
035609
035611
035612
035613
035614
035615
035616
035621
035622
035623
035626
035627
035628
035630
035633
035634
035635
035637
035640
035641
035643
035646
035647
035648
035649
035650
035651
035656
035657
035658
035660
035661
035663
035664
035665
035666
035667
035671
035672
035673
035674
035675
035678
035679
035680
035681
035683
035684
035685
035687
035690
035691
035692
035695
035703
035710
035718
035720
035722
035725
035727
035729
035730
035731
035733
035735
035736
035737
035738
035740
035742
035745
035746
035747
035748
035753
035754
035755
035756
035757
035760
035761
035762
035763
035764
035765
035766
035767
035768
035770
035771
035772
035775
035777
035780
035781
035783
035786
035787
035789
035791
035793
035794
035796
035800
035801
035803
035807
035809
035813
035814
035816
035817
035820
035822
035823
035824
035826
035827
035829
035832
035833
035838
035839
035842
035844
035846
035851
035852
035853
035854
035856
035857
035858
035860
035862
035869
035871
035872
035873
035874
035877
035879
035880
035882
035889
035890
035894
035895
035896
035897
035899
035900
035901
035905
035906
035907
035908
035909
035911
035912
035913
035914
035916
035917
035919
035920
035921
035923
035924
035925
035926
035929
035930
035932
035933
035936
035938
035939
035940
035941
035942
035951
035953
035954
035955
035956
035960
035961
035962
035967
035968
035971
035972
035973
035974
035975
035976
035978
035980
035989
035991
035992
035993
035994
035996
035997
035998
035999
036004
036007
036012
036014
036015
036016
036021
036025
036026
036028
036030
036034
036037
036038
036039
036040
036041
036042
036045
036047
036048
036049
036050
036055
036056
036060
036061
036062
036068
036070
036075
036076
036079
036080
036085
036092
036093
036094
036098
036100
036103
036104
036106
036108
036110
036111
036112
036113
036117
036118
036119
036120
036121
036122
036124
036126
036127
036129
036130
036132
036137
036138
036139
036142
036143
036146
036147
036151
036156
036159
036160
036163
036165
036168
036172
036174
036175
036178
036181
036182
036184
036185
036186
036187
036188
036189
036191
036193
036194
036196
036197
036199
036202
036205
036208
036209
036210
036211
036213
036214
036216
036218
036219
036220
036222
036223
036224
036227
036228
036231
036233
036235
036236
036240
036243
036247
036249
036250
036251
036252
036253
036256
036257
036258
036259
036260
036262
036263
036264
036265
036268
036270
036272
036274
036275
036277
036278
036281
036284
036285
036286
036288
036291
036292
036293
036294
036295
036296
036298
036301
036303
036304
036305
036308
036309
036315
036317
036318
036319
036321
036322
036325
036327
036328
036329
036330
036331
036332
036336
036338
036339
036341
036343
036345
036346
036348
036349
036350
036355
036356
036358
036360
036361
036363
036364
036365
036366
036368
036370
036371
036372
036375
036378
036380
036382
036384
036385
036386
036387
036390
036391
036394
036397
036398
036399
036402
036403
036405
036406
036408
036412
036415
036416
036420
036422
036423
036424
036426
036427
036428
036430
036434
036436
036437
036438
036441
036443
036444
036445
036448
036450
036452
036453
036454
036457
036458
036459
036460
036461
036464
036467
036469
036470
036473
036474
036475
036476
036477
036478
036479
036480
036483
036484
036488
036490
036492
036493
036496
036497
036499
036501
036502
036505
036506
036507
036508
036509
036510
036516
036518
036520
036522
036524
036525
036526
036527
036528
036529
036530
036531
036533
036534
036535
036536
036537
036542
036544
036550
036552
036553
036556
036557
036558
036560
036562
036565
036567
036568
036569
036570
036571
036572
036574
036575
036576
036577
036580
036583
036584
036588
036592
036596
036597
036599
036600
036603
036604
036605
036606
036608
036609
036610
036612
036614
036615
036618
036620
036621
036622
036625
036627
036628
036629
036631
036632
036633
036634
036636
036637
036639
036640
036641
036645
036646
036648
036650
036654
036659
036661
036663
036664
036665
036667
036670
036671
036672
036673
036674
036675
036676
036677
036678
036680
036681
036682
036686
036689
036690
036691
036694
036696
036699
036701
036702
036704
036705
036707
036708
036709
036713
036714
036719
036720
036721
036724
036726
036727
036729
036731
036732
036733
036735
036736
036738
036740
036742
036743
036745
036746
036747
036749
036751
036753
036754
036755
036756
036757
036758
036765
036766
036768
036771
036772
036773
036774
036775
036779
036781
036782
036783
036785
036786
036789
036791
036792
036795
036797
036798
036799
036800
036801
036803
036806
036808
036812
036813
036815
036823
036824
036826
036829
036830
036833
036836
036837
036839
036843
036844
036845
036848
036851
036852
036853
036854
036855
036858
036859
036860
036862
036863
036864
036867
036870
036872
036874
036875
036876
036877
036881
036883
036885
036886
036889
036893
036894
036895
036896
036897
036899
036900
036901
036903
036908
036909
036910
036911
036912
036914
036918
036919
036920
036924
036925
036927
036928
036929
036930
036935
036937
036940
036941
036942
036944
036945
036946
036948
036950
036953
036954
036955
036957
036958
036959
036966
036967
036968
036970
036972
036975
036980
036985
036988
036991
036994
036996
036999
037000
037001
037003
037005
037007
037008
037009
037011
037013
037014
037015
037016
037017
037021
037024
037028
037030
037031
037035
037037
037040
037041
037043
037045
037047
037050
037052
037053
037054
037061
037062
037065
037066
037068
037069
037072
037075
037077
037079
037082
037085
037087
037091
037092
037093
037094
037096
037098
037099
037104
037108
037110
037113
037115
037116
037117
037118
037120
037121
037122
037125
037128
037130
037131
037132
037133
037134
037136
037137
037138
037139
037140
037141
037145
037148
037152
037153
037154
037155
037156
037157
037158
037159
037160
037161
037162
037164
037165
037168
037169
037171
037172
037174
037175
037178
037179
037180
037181
037186
037187
037188
037190
037191
037194
037197
037199
037200
037201
037202
037203
037206
037209
037210
037211
037213
037214
037215
037225
037226
037228
037229
037230
037232
037234
037236
037240
037241
037244
037246
037247
037249
037250
037251
037254
037255
037258
037260
037261
037263
037265
037269
037270
037271
037272
037273
037274
037275
037278
037279
037280
037281
037283
037284
037285
037286
037287
037288
037289
037290
037291
037292
037293
037294
037295
037296
037299
037304
037306
037307
037309
037310
037311
037312
037313
037314
037315
037317
037318
037319
037324
037325
037330
037333
037336
037337
037338
037339
037340
037341
037343
037344
037349
037350
037352
037353
037356
037359
037360
037361
037362
037364
037366
037370
037372
037373
037376
037378
037379
037380
037381
037383
037384
037386
037390
037392
037393
037395
037396
037397
037400
037402
037404
037405
037410
037411
037412
037413
037414
037420
037421
037422
037423
037424
037426
037427
037435
037436
037438
037439
037443
037445
037448
037449
037451
037454
037458
037459
037460
037461
037462
037463
037467
037471
037473
037474
037475
037476
037480
037481
037483
037486
037487
037488
037489
037490
037491
037494
037495
037496
037498
037500
037502
037505
037507
037509
037511
037512
037514
037516
037518
037521
037524
037525
037526
037527
037528
037530
037531
037532
037533
037535
037536
037537
037538
037539
037540
037542
037543
037544
037545
037546
037547
037549
037550
037552
037554
037555
037557
037559
037563
037565
037566
037572
037573
037575
037576
037577
037580
037582
037586
037587
037588
037589
037590
037592
037595
037596
037597
037600
037602
037603
037605
037606
037607
037608
037610
037613
037616
037617
037621
037622
037623
037624
037627
037632
037634
037635
037636
037637
037640
037642
037643
037645
037646
037648
037649
037651
037652
037653
037654
037655
037656
037657
037659
037660
037662
037665
037666
037672
037673
037676
037681
037682
037684
037685
037686
037687
037688
037689
037693
037695
037697
037698
037699
037700
037701
037702
037704
037705
037708
037709
037711
037714
037715
037716
037717
037718
037720
037721
037723
037724
037725
037727
037728
037729
037730
037732
037735
037736
037739
037746
037749
037751
037752
037754
037755
037757
037758
037759
037761
037765
037766
037768
037769
037773
037775
037776
037778
037779
037780
037781
037783
037784
037785
037788
037791
037792
037793
037794
037795
037797
037798
037800
037803
037804
037806
037807
037809
037811
037812
037814
037817
037818
037820
037824
037825
037827
037828
037830
037831
037833
037835
037836
037837
037838
037844
037846
037847
037849
037850
037851
037852
037855
037856
037859
037860
037863
037864
037869
037872
037873
037874
037875
037877
037879
037884
037885
037887
037890
037891
037895
037900
037902
037905
037907
037909
037910
037911
037913
037914
037915
037916
037917
037920
037924
037925
037926
037929
037932
037933
037934
037937
037940
037941
037943
037945
037946
037947
037948
037949
037950
037951
037952
037953
037954
037955
037957
037961
037962
037963
037964
037965
037966
037969
037971
037972
037974
037975
037976
037977
037979
037980
037982
037983
037984
037996
037998
037999
038000
038001
038005
038006
038008
038010
038011
038012
038014
038015
038016
038017
038018
038021
038023
038024
038027
038030
038031
038032
038034
038036
038037
038042
038046
038049
038050
038051
038054
038061
038063
038065
038066
038071
038072
038074
038076
038079
038080
038085
038087
038089
038090
038093
038094
038096
038097
038098
038100
038102
038104
038105
038107
038108
038109
038110
038113
038114
038117
038118
038120
038122
038124
038125
038130
038131
038133
038138
038143
038144
038146
038147
038150
038152
038153
038155
038161
038162
038168
038170
038174
038175
038176
038179
038180
038182
038183
038186
038188
038190
038196
038198
038199
038200
038201
038203
038206
038209
038211
038213
038214
038216
038217
038221
038224
038228
038230
038231
038233
038234
038237
038238
038239
038242
038244
038245
038247
038248
038250
038254
038255
038256
038260
038261
038264
038266
038268
038271
038272
038273
038275
038278
038279
038280
038282
038284
038285
038286
038287
038289
038290
038293
038294
038297
038298
038300
038301
038302
038305
038306
038307
038310
038313
038315
038320
038321
038322
038327
038328
038331
038332
038335
038336
038340
038341
038347
038349
038354
038355
038356
038357
038358
038359
038360
038361
038362
038364
038365
038366
038369
038373
038376
038377
038379
038382
038391
038394
038395
038396
038398
038399
038400
038401
038403
038404
038405
038406
038407
038408
038413
038417
038419
038420
038421
038422
038423
038424
038425
038427
038429
038435
038437
038439
038441
038443
038446
038447
038450
038451
038453
038454
038458
038459
038460
038462
038466
038467
038468
038469
038470
038471
038475
038477
038478
038482
038485
038486
038487
038490
038493
038494
038495
038496
038501
038502
038503
038504
038508
038509
038510
038512
038514
038515
038517
038519
038520
038521
038525
038526
038527
038528
038529
038530
038531
038534
038535
038536
038538
038539
038540
038541
038542
038543
038544
038545
038546
038547
038548
038555
038556
038557
038559
038562
038563
038564
038565
038570
038571
038573
038575
038577
038578
038579
038581
038585
038586
038587
038590
038592
038594
038596
038598
038599
038600
038601
038602
038604
038605
038606
038609
038611
038612
038614
038615
038619
038621
038622
038623
038624
038625
038626
038627
038630
038632
038635
038636
038637
038639
038640
038642
038644
038646
038647
038648
038650
038651
038652
038653
038655
038656
038658
038659
038664
038665
038667
038670
038671
038675
038677
038679
038681
038682
038683
038685
038686
038688
038690
038691
038692
038695
038696
038697
038699
038700
038701
038702
038704
038705
038706
038707
038708
038710
038711
038713
038714
038715
038716
038718
038719
038721
038724
038726
038728
038729
038730
038731
038732
038733
038734
038736
038740
038747
038748
038749
038750
038751
038753
038755
038756
038761
038762
038763
038764
038767
038768
038769
038772
038776
038778
038782
038784
038785
038786
038791
038792
038794
038798
038799
038800
038801
038802
038803
038812
038814
038817
038821
038824
038827
038829
038830
038831
038833
038835
038838
038840
038841
038844
038847
038848
038850
038852
038854
038855
038859
038860
038862
038864
038866
038868
038869
038871
038872
038873
038874
038876
038877
038878
038879
038881
038882
038885
038886
038887
038890
038892
038896
038897
038900
038901
038903
038904
038906
038908
038910
038913
038916
038917
038918
038920
038921
038922
038923
038925
038926
038927
038929
038930
038932
038936
038937
038938
038941
038942
038943
038944
038945
038946
038948
038949
038950
038953
038956
038958
038966
038967
038968
038969
038970
038971
038973
038974
038977
038979
038980
038982
038983
038984
038985
038986
038988
038989
038990
038991
038992
038993
038996
039000
039001
039003
039005
039006
039008
039011
039012
039013
039014
039018
039019
039020
039022
039026
039028
039030
039033
039036
039039
039041
039042
039044
039045
039046
039048
039049
039050
039051
039052
039053
039054
039055
039056
039057
039058
039059
039060
039062
039063
039066
039067
039068
039069
039071
039073
039080
039082
039083
039089
039090
039094
039098
039099
039100
039101
039102
039103
039104
039105
039106
039107
039116
039117
039119
039120
039123
039124
039126
039128
039129
039130
039133
039134
039135
039136
039139
039141
039142
039144
039145
039147
039149
039151
039152
039153
039156
039157
039159
039161
039166
039168
039171
039173
039174
039178
039180
039181
039182
039183
039187
039189
039191
039192
039193
039194
039197
039198
039200
039203
039205
039207
039208
039209
039211
039212
039213
039215
039216
039217
039220
039223
039227
039228
039229
039231
039233
039235
039239
039240
039244
039245
039249
039252
039256
039258
039261
039263
039264
039265
039267
039270
039271
039272
039274
039277
039279
039281
039282
039285
039288
039292
039293
039294
039295
039297
039299
039301
039303
039304
039305
039306
039307
039311
039312
039314
039315
039317
039318
039320
039322
039323
039325
039326
039328
039329
039331
039333
039334
039335
039337
039338
039340
039342
039345
039346
039347
039348
039350
039352
039353
039354
039355
039359
039360
039362
039363
039364
039365
039366
039367
039373
039374
039375
039376
039377
039379
039380
039381
039385
039391
039395
039398
039401
039405
039406
039407
039408
039409
039412
039417
039419
039420
039423
039424
039425
039426
039429
039430
039433
039434
039436
039439
039440
039442
039443
039445
039447
039448
039449
039450
039453
039455
039456
039457
039458
039459
039461
039462
039464
039467
039470
039473
039474
039475
039476
039478
039479
039480
039482
039484
039485
039486
039490
039491
039495
039498
039500
039502
039508
039509
039510
039511
039512
039513
039514
039515
039517
039521
039523
039524
039526
039528
039531
039534
039535
039536
039541
039542
039543
039547
039548
039549
039550
039553
039554
039556
039557
039559
039560
039562
039565
039566
039567
039568
039570
039572
039575
039576
039579
039581
039583
039584
039586
039587
039590
039593
039596
039597
039598
039599
039601
039603
039606
039608
039609
039610
039613
039618
039620
039621
039623
039625
039626
039630
039631
039632
039633
039635
039636
039637
039639
039642
039644
039645
039648
039649
039650
039659
039660
039663
039665
039666
039667
039669
039670
039671
039672
039673
039675
039676
039679
039682
039687
039692
039693
039694
039700
039701
039702
039705
039706
039707
039713
039714
039716
039718
039719
039720
039721
039722
039725
039727
039728
039729
039731
039733
039734
039737
039739
039740
039743
039747
039752
039755
039756
039757
039758
039762
039763
039769
039770
039771
039774
039776
039780
039782
039784
039785
039788
039789
039791
039792
039796
039797
039799
039801
039804
039805
039806
039809
039810
039811
039812
039813
039816
039817
039818
039820
039821
039823
039825
039826
039827
039828
039829
039831
039834
039839
039841
039844
039847
039850
039851
039852
039853
039854
039859
039861
039862
039863
039864
039867
039869
039870
039872
039877
039878
039880
039881
039886
039889
039891
039892
039893
039894
039896
039897
039901
039903
039904
039910
039911
039912
039914
039915
039919
039920
039921
039922
039923
039927
039929
039932
039933
039935
039936
039937
039941
039942
039943
039944
039945
039948
039950
039952
039954
039955
039956
039965
039966
039970
039971
039974
039975
039976
039978
039979
039980
039981
039983
039984
039986
039989
039990
039991
039992
039995
039996
039997
040000
040002
040003
040004
040008
040009
040010
040011
040012
040014
040016
040017
040019
040020
040021
040022
040023
040024
040027
040029
040031
040036
040039
040043
040044
040045
040048
040050
040051
040056
040058
040059
040060
040061
040062
040064
040065
040066
040068
040069
040070
040071
040072
040075
040076
040077
040082
040085
040088
040089
040090
040091
040093
040094
040095
040097
040098
040100
040101
040103
040108
040109
040112
040116
040118
040119
040120
040122
040123
040127
040130
040133
040134
040137
040139
040140
040141
040144
040147
040150
040151
040152
040153
040154
040155
040157
040158
040159
040160
040164
040165
040167
040169
040170
040171
040173
040174
040176
040177
040178
040180
040183
040186
040189
040193
040197
040201
040202
040204
040207
040208
040210
040213
040217
040220
040223
040224
040225
040226
040227
040229
040231
040232
040233
040236
040237
040239
040240
040245
040246
040248
040250
040251
040252
040253
040257
040258
040259
040264
040265
040267
040269
040270
040272
040275
040278
040279
040280
040283
040286
040287
040291
040292
040294
040295
040297
040298
040299
040300
040302
040303
040304
040305
040306
040308
040311
040312
040313
040316
040317
040319
040320
040323
040324
040326
040328
040333
040334
040335
040337
040341
040344
040346
040350
040353
040354
040356
040357
040359
040360
040361
040365
040366
040368
040370
040371
040376
040377
040378
040380
040381
040383
040384
040385
040386
040389
040392
040393
040394
040396
040397
040398
040400
040403
040406
040410
040413
040414
040415
040418
040423
040426
040429
040432
040437
040439
040441
040443
040446
040447
040448
040449
040452
040453
040454
040455
040458
040461
040463
040465
040468
040469
040470
040471
040472
040473
040474
040475
040476
040479
040482
040485
040486
040487
040489
040490
040491
040493
040494
040495
040499
040500
040504
040505
040507
040510
040513
040514
040516
040519
040521
040522
040523
040525
040529
040530
040531
040536
040537
040540
040541
040543
040544
040548
040549
040552
040553
040554
040555
040557
040559
040561
040562
040565
040566
040567
040573
040574
040575
040577
040580
040581
040582
040583
040585
040586
040587
040589
040592
040596
040601
040603
040604
040605
040606
040607
040608
040609
040610
040613
040615
040616
040619
040620
040621
040625
040627
040628
040629
040630
040631
040633
040636
040637
040640
040641
040642
040643
040647
040648
040649
040651
040652
040653
040654
040655
040656
040657
040658
040659
040661
040664
040668
040670
040672
040673
040674
040675
040681
040682
040683
040687
040688
040691
040696
040697
040699
040700
040702
040703
040704
040705
040707
040709
040715
040716
040717
040719
040720
040721
040724
040726
040727
040728
040731
040734
040735
040736
040737
040739
040740
040741
040742
040743
040744
040746
040751
040752
040753
040754
040758
040759
040761
040763
040764
040765
040766
040768
040769
040770
040771
040776
040777
040778
040780
040783
040785
040789
040790
040791
040792
040796
040797
040798
040800
040801
040802
040806
040807
040808
040811
040813
040814
040818
040819
040823
040824
040827
040828
040829
040830
040831
040833
040835
040837
040838
040839
040840
040842
040845
040849
040850
040851
040852
040856
040858
040864
040865
040869
040870
040875
040883
040884
040888
040889
040890
040892
040896
040897
040900
040901
040903
040904
040905
040908
040910
040911
040912
040913
040915
040916
040917
040919
040920
040922
040924
040928
040931
040932
040933
040939
040942
040944
040946
040948
040952
040953
040954
040956
040957
040961
040962
040963
040964
040966
040967
040970
040972
040973
040974
040975
040976
040979
040980
040983
040984
040986
040988
040991
040992
040994
040995
040997
040998
041000
041002
041006
041007
041010
041011
041013
041014
041016
041017
041018
041020
041021
041022
041024
041026
041028
041029
041032
041033
041034
041035
041037
041039
041041
041042
041044
041045
041047
041050
041051
041052
041053
041056
041063
041064
041065
041070
041071
041073
041074
041077
041084
041086
041087
041088
041091
041092
041094
041095
041096
041101
041102
041103
041107
041108
041109
041111
041114
041115
041118
041119
041121
041123
041125
041127
041128
041131
041134
041137
041140
041141
041143
041144
041145
041146
041148
041149
041151
041153
041154
041156
041157
041158
041161
041165
041166
041167
041169
041172
041174
041176
041179
041182
041183
041185
041190
041193
041194
041197
041198
041199
041201
041203
041204
041208
041209
041213
041214
041217
041218
041223
041225
041226
041227
041228
041229
041230
041232
041233
041238
041241
041242
041244
041245
041247
041250
041252
041253
041254
041255
041256
041257
041260
041262
041263
041264
041266
041269
041271
041276
041277
041281
041282
041283
041284
041285
041287
041288
041290
041291
041293
041296
041297
041298
041300
041302
041303
041304
041305
041308
041310
041311
041313
041314
041315
041316
041317
041318
041320
041321
041322
041323
041324
041326
041327
041329
041330
041332
041335
041336
041337
041338
041339
041340
041343
041344
041346
041347
041348
041349
041350
041351
041356
041357
041358
041361
041362
041364
041366
041367
041369
041370
041371
041373
041375
041376
041378
041379
041382
041383
041384
041385
041391
041392
041394
041395
041398
041399
041401
041402
041404
041406
041407
041408
041414
041415
041417
041418
041419
041420
041421
041424
041426
041430
041431
041432
041433
041434
041437
041442
041443
041444
041445
041447
041449
041451
041453
041455
041456
041458
041463
041464
041466
041468
041471
041472
041474
041476
041477
041478
041481
041482
041483
041485
041486
041490
041493
041495
041496
041499
041500
041502
041503
041504
041506
041507
041510
041514
041517
041520
041521
041522
041523
041524
041526
041531
041532
041533
041534
041538
041540
041544
041545
041546
041549
041550
041552
041553
041554
041555
041557
041558
041560
041561
041563
041564
041565
041568
041569
041570
041571
041573
041576
041579
041581
041582
041584
041585
041588
041589
041590
041592
041593
041594
041596
041597
041598
041601
041602
041603
041604
041605
041606
041609
041610
041612
041614
041615
041619
041620
041621
041623
041625
041627
041628
041629
041630
041631
041632
041634
041635
041636
041639
041642
041643
041644
041646
041647
041649
041650
041651
041652
041653
041655
041656
041658
041661
041662
041664
041666
041667
041668
041669
041670
041673
041676
041677
041678
041679
041680
041681
041683
041685
041687
041688
041690
041691
041693
041697
041700
041702
041703
041705
041706
041708
041709
041710
041713
041714
041715
041716
041717
041719
041720
041722
041725
041728
041729
041730
041731
041732
041735
041736
041737
041738
041739
041740
041742
041743
041744
041748
041750
041755
041757
041758
041762
041763
041769
041770
041775
041776
041778
041779
041782
041783
041784
041790
041791
041792
041796
041798
041799
041800
041801
041802
041803
041804
041805
041808
041809
041813
041814
041816
041817
041818
041821
041822
041826
041829
041830
041831
041833
041834
041836
041839
041841
041842
041843
041845
041846
041852
041855
041856
041859
041864
041865
041866
041870
041872
041874
041875
041877
041883
041884
041886
041887
041889
041890
041892
041893
041894
041895
041897
041899
041901
041903
041905
041906
041910
041911
041913
041916
041917
041919
041920
041921
041923
041924
041926
041928
041932
041933
041934
041936
041938
041939
041940
041941
041942
041943
041944
041945
041947
041948
041950
041951
041952
041955
041958
041959
041960
041961
041962
041963
041964
041966
041967
041970
041971
041975
041976
041978
041980
041982
041985
041987
041989
041990
041991
041994
041996
041997
041998
042004
042005
042006
042007
042008
042011
042012
042014
042015
042016
042017
042019
042020
042023
042025
042026
042027
042028
042029
042031
042036
042037
042038
042039
042040
042041
042042
042047
042049
042050
042051
042053
042054
042055
042056
042057
042058
042059
042063
042064
042066
042067
042070
042071
042072
042076
042078
042079
042082
042084
042087
042088
042089
042090
042092
042097
042099
042102
042103
042104
042105
042107
042108
042110
042113
042117
042118
042121
042122
042123
042124
042125
042126
042127
042128
042131
042132
042135
042137
042138
042140
042141
042142
042144
042146
042147
042149
042150
042155
042156
042157
042158
042160
042162
042163
042164
042165
042166
042167
042168
042170
042174
042175
042178
042179
042181
042182
042184
042186
042188
042189
042190
042191
042192
042193
042195
042196
042197
042198
042199
042201
042204
042205
042209
042212
042215
042216
042217
042218
042220
042222
042223
042225
042227
042230
042233
042234
042235
042236
042237
042238
042239
042240
042241
042244
042246
042248
042252
042253
042254
042256
042257
042258
042259
042260
042261
042262
042263
042266
042267
042268
042272
042275
042276
042277
042279
042282
042283
042284
042286
042289
042292
042293
042294
042295
042297
042298
042299
042302
042303
042304
042305
042307
042308
042309
042311
042313
042314
042316
042319
042320
042321
042323
042325
042326
042328
042329
042330
042332
042333
042335
042336
042338
042340
042341
042342
042343
042344
042346
042348
042351
042352
042353
042356
042358
042360
042364
042366
042369
042374
042375
042379
042383
042389
042391
042393
042396
042397
042398
042400
042403
042404
042407
042408
042411
042412
042417
042419
042420
042421
042423
042430
042432
042433
042434
042435
042436
042437
042440
042441
042443
042444
042446
042447
042448
042449
042451
042453
042454
042455
042456
042461
042464
042467
042468
042469
042472
042473
042474
042475
042476
042477
042479
042481
042482
042484
042485
042486
042487
042488
042491
042492
042493
042496
042497
042499
042501
042502
042506
042507
042509
042511
042512
042513
042514
042515
042516
042517
042518
042521
042523
042524
042528
042529
042531
042533
042534
042535
042537
042538
042542
042544
042546
042548
042549
042555
042559
042560
042563
042564
042565
042567
042569
042571
042573
042575
042576
042577
042579
042580
042583
042589
042590
042592
042593
042594
042597
042598
042600
042602
042603
042604
042609
042610
042611
042612
042613
042614
042616
042618
042623
042624
042625
042626
042627
042630
042640
042641
042642
042645
042646
042651
042657
042658
042659
042662
042663
042664
042665
042667
042669
042670
042671
042673
042674
042675
042679
042680
042683
042687
042689
042690
042691
042692
042693
042694
042695
042697
042698
042700
042701
042706
042707
042709
042711
042714
042716
042718
042719
042721
042723
042725
042727
042728
042729
042730
042734
042735
042737
042738
042739
042742
042743
042744
042747
042749
042750
042751
042753
042754
042758
042759
042760
042761
042763
042764
042767
042768
042771
042772
042775
042776
042779
042780
042784
042787
042788
042789
042791
042793
042796
042798
042799
042801
042803
042804
042808
042809
042810
042811
042813
042816
042821
042824
042825
042827
042828
042830
042831
042832
042833
042835
042836
042837
042838
042841
042844
042846
042847
042848
042849
042850
042853
042855
042856
042857
042858
042859
042860
042861
042863
042865
042866
042867
042869
042870
042872
042876
042877
042880
042881
042882
042883
042884
042885
042888
042890
042893
042899
042900
042901
042904
042906
042908
042909
042913
042914
042915
042916
042917
042919
042921
042922
042923
042924
042925
042928
042929
042930
042931
042934
042936
042937
042938
042939
042942
042946
042948
042949
042950
042951
042952
042953
042955
042957
042962
042964
042965
042967
042969
042971
042972
042974
042976
042978
042979
042982
042983
042987
042988
042990
042992
042996
043004
043005
043006
043011
043012
043014
043015
043016
043022
043023
043024
043027
043028
043030
043033
043035
043037
043038
043039
043042
043043
043049
043052
043053
043055
043057
043058
043061
043063
043064
043067
043069
043071
043072
043074
043077
043078
043080
043081
043082
043084
043085
043087
043088
043090
043091
043096
043099
043102
043103
043104
043107
043108
043109
043110
043115
043116
043118
043120
043122
043124
043129
043130
043136
043140
043146
043147
043149
043150
043155
043156
043158
043159
043161
043162
043163
043165
043166
043168
043169
043170
043171
043172
043174
043176
043177
043178
043179
043181
043183
043185
043190
043191
043192
043193
043197
043198
043199
043203
043204
043207
043209
043210
043211
043212
043214
043217
043219
043220
043223
043224
043229
043230
043231
043232
043233
043235
043238
043241
043242
043243
043244
043245
043246
043250
043252
043253
043257
043258
043259
043261
043265
043269
043272
043273
043274
043276
043277
043280
043281
043282
043283
043285
043287
043289
043291
043292
043296
043297
043298
043299
043300
043303
043306
043308
043309
043311
043317
043321
043324
043328
043331
043332
043334
043336
043338
043339
043342
043343
043347
043348
043349
043351
043352
043354
043355
043356
043358
043361
043365
043366
043367
043372
043373
043375
043376
043377
043382
043383
043384
043385
043388
043392
043393
043395
043396
043398
043399
043400
043404
043405
043406
043407
043409
043411
043416
043417
043419
043420
043421
043423
043425
043426
043428
043429
043430
043439
043440
043442
043445
043449
043451
043452
043453
043454
043456
043457
043462
043464
043467
043469
043470
043471
043474
043475
043477
043478
043479
043480
043481
043483
043485
043487
043489
043491
043492
043493
043495
043499
043502
043504
043505
043506
043507
043512
043513
043515
043517
043518
043521
043526
043527
043529
043531
043533
043534
043535
043536
043539
043542
043543
043544
043546
043547
043548
043550
043551
043557
043558
043560
043561
043563
043565
043567
043569
043570
043571
043572
043574
043575
043577
043578
043579
043582
043583
043584
043585
043587
043589
043590
043591
043592
043593
043594
043596
043597
043599
043601
043603
043604
043608
043609
043610
043612
043613
043617
043618
043619
043620
043621
043622
043623
043624
043626
043627
043629
043631
043633
043638
043640
043642
043644
043646
043647
043649
043651
043653
043654
043660
043664
043665
043666
043668
043671
043672
043673
043675
043676
043682
043683
043684
043685
043686
043689
043690
043692
043694
043698
043699
043700
043701
043705
043706
043709
043713
043716
043719
043720
043721
043722
043723
043724
043725
043728
043729
043730
043732
043734
043735
043736
043737
043739
043740
043741
043742
043744
043750
043751
043756
043757
043759
043762
043765
043769
043770
043772
043774
043776
043779
043780
043781
043783
043784
043789
043791
043792
043793
043794
043799
043801
043802
043803
043804
043805
043806
043807
043808
043810
043812
043813
043815
043817
043819
043824
043826
043828
043829
043831
043832
043833
043836
043837
043838
043840
043841
043842
043846
043847
043848
043849
043852
043853
043858
043859
043860
043862
043864
043867
043868
043869
043870
043872
043874
043876
043878
043879
043880
043882
043885
043887
043889
043892
043894
043896
043897
043899
043900
043901
043902
043904
043905
043906
043907
043910
043911
043913
043915
043916
043917
043918
043919
043922
043923
043925
043930
043932
043933
043935
043937
043938
043939
043940
043941
043942
043943
043945
043946
043948
043949
043950
043953
043954
043958
043961
043963
043965
043967
043968
043970
043971
043973
043976
043977
043979
043981
043983
043988
043989
043990
043992
043993
043996
043997
043998
043999
044000
044003
044004
044005
044006
044007
044012
044014
044016
044017
044020
044022
044023
044024
044026
044030
044031
044034
044036
044038
044040
044042
044043
044044
044046
044047
044050
044053
044058
044061
044062
044065
044070
044076
044078
044080
044081
044084
044085
044086
044087
044088
044089
044091
044094
044095
044096
044097
044099
044102
044103
044105
044106
044107
044114
044115
044116
044118
044122
044123
044126
044128
044129
044131
044133
044136
044138
044141
044143
044147
044148
044149
044150
044152
044153
044158
044159
044162
044165
044166
044170
044172
044173
044175
044176
044177
044178
044179
044180
044187
044188
044189
044190
044191
044192
044194
044196
044199
044200
044201
044202
044203
044205
044206
044207
044212
044217
044218
044219
044221
044225
044229
044232
044233
044234
044235
044238
044241
044242
044243
044244
044245
044246
044248
044249
044250
044252
044254
044259
044260
044263
044264
044265
044272
044275
044276
044277
044278
044279
044284
044287
044289
044291
044292
044294
044295
044297
044300
044301
044302
044304
044305
044307
044308
044310
044315
044316
044317
044318
044319
044321
044323
044325
044326
044327
044328
044332
044333
044334
044335
044336
044337
044338
044341
044343
044344
044345
044346
044348
044351
044353
044356
044358
044360
044362
044363
044364
044365
044369
044374
044375
044376
044377
044378
044379
044380
044383
044385
044387
044390
044391
044393
044396
044397
044398
044401
044404
044405
044406
044408
044410
044412
044414
044417
044418
044419
044421
044422
044423
044424
044426
044428
044429
044430
044434
044436
044437
044438
044440
044442
044443
044444
044445
044449
044450
044451
044452
044454
044455
044457
044458
044459
044460
044464
044465
044466
044468
044470
044471
044472
044474
044476
044478
044479
044480
044482
044483
044484
044488
044491
044492
044495
044496
044498
044499
044502
044503
044506
044510
044513
044514
044518
044519
044520
044521
044522
044524
044525
044528
044529
044534
044539
044540
044543
044547
044548
044552
044561
044562
044567
044569
044570
044571
044572
044573
044575
044576
044578
044580
044583
044584
044587
044588
044590
044593
044594
044595
044596
044597
044598
044599
044601
044606
044607
044608
044609
044621
044626
044628
044634
044635
044639
044643
044645
044649
044651
044652
044653
044657
044660
044661
044662
044663
044666
044667
044670
044672
044673
044674
044675
044683
044684
044686
044689
044691
044692
044695
044696
044698
044700
044702
044704
044705
044707
044709
044710
044711
044715
044718
044720
044723
044724
044725
044726
044727
044728
044730
044734
044736
044737
044739
044741
044742
044743
044744
044745
044747
044748
044752
044753
044754
044756
044757
044758
044764
044767
044770
044771
044774
044776
044778
044779
044780
044781
044782
044783
044785
044786
044787
044791
044792
044796
044798
044799
044801
044803
044806
044809
044815
044816
044817
044818
044823
044824
044826
044832
044833
044834
044835
044837
044841
044842
044843
044845
044847
044849
044850
044851
044852
044853
044854
044856
044857
044858
044859
044860
044864
044865
044866
044868
044871
044872
044874
044877
044878
044879
044880
044881
044882
044883
044884
044885
044888
044891
044892
044895
044896
044897
044900
044901
044902
044903
044905
044906
044908
044909
044914
044915
044917
044918
044919
044920
044921
044929
044932
044933
044935
044936
044937
044938
044941
044946
044947
044949
044950
044953
044954
044955
044956
044958
044959
044960
044961
044964
044965
044966
044967
044968
044971
044972
044974
044976
044977
044979
044980
044981
044983
044984
044985
044986
044989
044990
044993
044999
045000
045001
045002
045003
045007
045008
045010
045012
045014
045018
045020
045022
045024
045026
045028
045030
045032
045036
045038
045039
045041
045043
045044
045051
045053
045055
045056
045057
045059
045063
045065
045066
045067
045071
045072
045073
045075
045076
045077
045078
045081
045082
045083
045087
045088
045091
045095
045096
045097
045099
045102
045104
045105
045112
045113
045114
045116
045117
045120
045122
045123
045125
045126
045127
045129
045130
045131
045133
045137
045138
045139
045140
045142
045143
045144
045146
045149
045150
045151
045152
045153
045157
045158
045159
045166
045167
045168
045169
045170
045171
045173
045174
045175
045177
045178
045179
045180
045182
045184
045186
045188
045191
045193
045194
045195
045196
045198
045200
045201
045203
045204
045205
045207
045208
045209
045215
045219
045220
045221
045222
045223
045227
045229
045231
045233
045234
045235
045236
045238
045240
045246
045247
045248
045250
045251
045252
045253
045255
045256
045259
045262
045265
045267
045268
045269
045270
045273
045274
045277
045280
045282
045283
045287
045288
045289
045290
045294
045295
045296
045297
045298
045301
045302
045305
045309
045310
045311
045312
045316
045317
045319
045320
045324
045327
045328
045329
045330
045333
045335
045336
045337
045339
045341
045343
045344
045346
045347
045348
045349
045350
045354
045355
045356
045357
045361
045362
045363
045364
045365
045366
045369
045372
045373
045375
045378
045381
045383
045385
045387
045388
045391
045392
045393
045394
045395
045397
045400
045405
045408
045409
045415
045416
045420
045421
045422
045424
045427
045428
045429
045431
045434
045435
045438
045439
045440
045441
045442
045443
045444
045448
045449
045452
045453
045455
045457
045458
045459
045462
045463
045464
045465
045466
045468
045469
045470
045473
045474
045476
045481
045483
045484
045485
045486
045487
045489
045490
045492
045493
045494
045495
045498
045500
045501
045502
045508
045510
045511
045514
045517
045518
045519
045520
045521
045523
045524
045525
045526
045528
045529
045533
045534
045535
045536
045538
045541
045542
045543
045544
045546
045547
045548
045549
045551
045552
045553
045554
045555
045556
045560
045564
045565
045568
045569
045570
045571
045574
045575
045576
045578
045579
045580
045583
045584
045585
045586
045587
045588
045589
045590
045591
045593
045595
045597
045598
045599
045601
045602
045603
045604
045605
045609
045610
045611
045612
045613
045614
045615
045616
045617
045620
045621
045625
045626
045627
045628
045630
045634
045635
045636
045638
045642
045644
045645
045646
045647
045648
045650
045653
045654
045656
045658
045659
045661
045662
045664
045666
045667
045669
045671
045672
045674
045679
045682
045683
045687
045691
045698
045699
045703
045709
045712
045713
045717
045720
045721
045723
045728
045734
045736
045738
045743
045745
045747
045749
045751
045752
045753
045754
045756
045757
045759
045762
045763
045764
045765
045767
045771
045774
045778
045779
045782
045784
045786
045787
045788
045791
045793
045795
045796
045799
045801
045802
045803
045804
045807
045808
045812
045813
045816
045817
045818
045819
045821
045824
045826
045827
045828
045829
045830
045832
045834
045835
045837
045839
045840
045841
045842
045845
045849
045850
045851
045853
045855
045857
045860
045862
045863
045865
045867
045869
045871
045872
045873
045875
045876
045877
045878
045879
045880
045881
045882
045883
045884
045885
045886
045891
045893
045894
045897
045904
045906
045907
045908
045911
045914
045915
045917
045918
045919
045920
045922
045923
045924
045926
045927
045930
045933
045936
045937
045938
045940
045942
045943
045944
045945
045946
045947
045949
045950
045952
045953
045954
045955
045959
045961
045962
045965
045968
045969
045970
045971
045972
045974
045975
045976
045979
045980
045981
045983
045984
045986
045987
045989
045992
045993
045996
045998
045999
046002
046003
046005
046007
046010
046012
046013
046014
046015
046016
046017
046019
046020
046021
046023
046025
046027
046028
046030
046033
046035
046036
046038
046039
046042
046044
046045
046046
046047
046048
046049
046052
046054
046058
046059
046060
046061
046062
046064
046068
046071
046073
046075
046076
046078
046079
046081
046082
046083
046084
046085
046086
046088
046090
046094
046095
046096
046103
046108
046112
046113
046114
046116
046117
046123
046124
046128
046129
046130
046131
046132
046136
046137
046140
046143
046146
046148
046149
046152
046153
046156
046158
046159
046160
046161
046162
046163
046167
046169
046170
046171
046174
046175
046177
046178
046179
046181
046183
046184
046185
046193
046194
046196
046197
046200
046201
046203
046205
046207
046208
046210
046213
046219
046220
046221
046226
046227
046228
046229
046230
046231
046233
046238
046239
046240
046242
046243
046246
046248
046252
046253
046254
046255
046256
046257
046259
046261
046267
046268
046270
046272
046273
046275
046279
046280
046281
046283
046284
046285
046286
046287
046291
046293
046295
046297
046299
046301
046302
046306
046307
046308
046311
046312
046313
046314
046316
046318
046320
046322
046323
046324
046326
046327
046328
046331
046332
046333
046334
046336
046337
046340
046341
046343
046347
046348
046354
046356
046359
046360
046363
046364
046365
046368
046369
046372
046374
046376
046377
046378
046379
046380
046381
046382
046383
046385
046386
046387
046388
046391
046392
046396
046397
046398
046399
046404
046405
046408
046410
046411
046414
046415
046418
046421
046424
046425
046426
046427
046428
046429
046430
046431
046432
046434
046436
046440
046442
046443
046446
046447
046448
046450
046452
046453
046457
046458
046459
046461
046465
046467
046469
046470
046472
046476
046477
046478
046480
046482
046483
046484
046485
046487
046488
046490
046493
046497
046499
046502
046507
046509
046512
046513
046515
046516
046517
046518
046525
046526
046527
046529
046530
046531
046532
046534
046535
046536
046537
046540
046541
046542
046545
046546
046547
046549
046550
046552
046556
046557
046558
046559
046562
046563
046564
046565
046568
046572
046573
046574
046577
046578
046580
046581
046582
046584
046585
046587
046588
046589
046593
046594
046596
046597
046599
046601
046604
046605
046606
046607
046608
046610
046611
046612
046613
046614
046616
046620
046621
046623
046624
046625
046626
046628
046629
046631
046633
046634
046635
046636
046639
046641
046642
046643
046646
046647
046648
046651
046652
046655
046658
046663
046664
046666
046667
046669
046670
046671
046673
046674
046676
046677
046678
046681
046687
046689
046690
046691
046692
046693
046699
046700
046701
046702
046704
046710
046711
046712
046713
046714
046716
046717
046718
046720
046723
046725
046727
046728
046730
046731
046733
046735
046737
046738
046740
046741
046743
046744
046745
046751
046752
046754
046758
046760
046762
046765
046766
046767
046768
046769
046771
046772
046773
046774
046775
046779
046782
046784
046785
046788
046791
046793
046794
046796
046798
046799
046803
046809
046810
046812
046815
046816
046817
046818
046819
046821
046824
046826
046830
046832
046833
046835
046838
046840
046841
046842
046846
046852
046855
046856
046857
046862
046863
046864
046868
046870
046873
046874
046875
046876
046879
046881
046882
046884
046885
046886
046888
046889
046891
046893
046895
046900
046902
046903
046905
046906
046908
046909
046911
046912
046913
046917
046918
046920
046924
046925
046926
046927
046928
046930
046933
046935
046941
046942
046943
046944
046946
046947
046948
046949
046950
046952
046953
046954
046955
046957
046958
046959
046965
046967
046968
046969
046971
046973
046974
046975
046977
046978
046979
046981
046982
046983
046986
046987
046988
046991
046995
046996
046997
046998
046999
047000
047001
047002
047004
047007
047008
047009
047010
047011
047012
047013
047014
047015
047016
047017
047018
047019
047020
047022
047028
047029
047031
047033
047034
047036
047037
047038
047040
047046
047050
047052
047053
047054
047058
047060
047062
047063
047065
047066
047068
047069
047072
047073
047074
047076
047077
047085
047088
047090
047091
047093
047095
047096
047103
047105
047110
047111
047113
047115
047119
047122
047124
047126
047128
047129
047132
047133
047136
047138
047139
047142
047143
047144
047147
047149
047150
047152
047153
047154
047155
047156
047158
047166
047169
047171
047172
047174
047175
047176
047177
047178
047179
047181
047185
047187
047188
047190
047194
047195
047197
047198
047199
047200
047201
047204
047205
047206
047207
047209
047212
047215
047219
047223
047224
047225
047227
047228
047230
047231
047233
047236
047239
047241
047242
047243
047244
047245
047248
047250
047251
047252
047255
047256
047257
047259
047260
047264
047266
047267
047269
047270
047271
047272
047275
047276
047277
047282
047286
047288
047289
047290
047291
047294
047295
047296
047299
047300
047301
047302
047303
047305
047306
047309
047310
047312
047314
047316
047317
047320
047321
047322
047325
047330
047331
047333
047336
047337
047338
047340
047344
047346
047347
047349
047351
047352
047355
047357
047358
047359
047360
047362
047363
047364
047367
047368
047371
047374
047375
047376
047381
047384
047386
047388
047389
047390
047392
047395
047396
047398
047403
047405
047406
047409
047410
047415
047418
047419
047420
047421
047423
047424
047425
047428
047431
047432
047435
047436
047439
047440
047446
047448
047452
047453
047454
047455
047456
047457
047459
047460
047463
047464
047471
047472
047473
047474
047478
047480
047481
047483
047484
047486
047487
047488
047489
047490
047493
047494
047496
047498
047500
047501
047502
047505
047508
047511
047512
047513
047514
047515
047516
047517
047518
047519
047520
047522
047523
047524
047525
047526
047528
047531
047534
047538
047539
047540
047541
047543
047544
047547
047548
047549
047551
047553
047557
047558
047559
047561
047562
047563
047564
047565
047568
047569
047570
047571
047574
047575
047576
047577
047578
047579
047580
047581
047582
047584
047585
047586
047589
047591
047592
047593
047597
047598
047600
047601
047604
047605
047607
047609
047610
047611
047612
047613
047616
047621
047622
047625
047626
047629
047632
047636
047637
047638
047639
047640
047646
047647
047648
047651
047652
047653
047654
047655
047657
047658
047660
047661
047662
047663
047665
047666
047668
047669
047670
047675
047676
047680
047685
047686
047687
047689
047691
047693
047698
047699
047700
047701
047702
047703
047705
047706
047709
047711
047713
047715
047717
047718
047721
047722
047723
047728
047735
047738
047739
047740
047742
047751
047752
047753
047755
047756
047757
047758
047760
047764
047765
047766
047769
047770
047771
047772
047775
047776
047777
047781
047782
047784
047787
047788
047789
047790
047791
047792
047793
047794
047795
047798
047799
047800
047801
047803
047804
047809
047810
047812
047814
047816
047817
047824
047825
047827
047828
047829
047835
047836
047837
047838
047839
047840
047842
047845
047846
047847
047851
047853
047854
047855
047857
047863
047864
047865
047866
047868
047869
047871
047873
047875
047885
047888
047889
047890
047892
047898
047899
047900
047901
047904
047905
047907
047910
047911
047917
047919
047920
047921
047924
047925
047926
047930
047931
047933
047934
047939
047940
047942
047944
047946
047948
047950
047951
047953
047956
047957
047960
047961
047963
047965
047967
047971
047973
047975
047976
047978
047980
047982
047984
047986
047988
047990
047992
047994
047997
047998
048001
048002
048008
048011
048012
048014
048015
048016
048017
048025
048027
048029
048031
048032
048034
048036
048037
048038
048039
048041
048044
048047
048049
048055
048056
048060
048061
048063
048065
048069
048072
048073
048074
048075
048077
048078
048080
048083
048085
048086
048088
048089
048093
048094
048095
048096
048097
048098
048100
048101
048102
048103
048107
048110
048111
048113
048115
048117
048123
048124
048125
048126
048129
048130
048132
048133
048134
048135
048136
048141
048145
048146
048147
048148
048151
048152
048153
048154
048157
048158
048159
048160
048163
048164
048165
048168
048169
048170
048171
048172
048174
048176
048177
048180
048181
048183
048186
048187
048188
048189
048190
048191
048192
048193
048197
048198
048200
048202
048204
048205
048209
048210
048212
048214
048215
048219
048220
048222
048226
048230
048236
048238
048239
048240
048242
048243
048244
048245
048247
048248
048250
048251
048253
048254
048256
048257
048258
048263
048264
048265
048268
048273
048276
048279
048280
048283
048287
048297
048300
048303
048305
048306
048308
048309
048312
048314
048315
048316
048317
048321
048322
048323
048324
048325
048326
048328
048329
048333
048334
048335
048337
048338
048339
048340
048341
048342
048343
048344
048346
048347
048348
048351
048352
048354
048359
048361
048362
048366
048367
048374
048375
048376
048380
048381
048382
048383
048386
048387
048388
048392
048395
048397
048398
048400
048402
048406
048407
048408
048412
048418
048420
048421
048422
048424
048430
048436
048438
048441
048442
048443
048445
048446
048448
048452
048454
048455
048456
048457
048458
048462
048464
048465
048467
048469
048470
048471
048472
048474
048476
048482
048483
048488
048489
048490
048494
048496
048498
048499
048500
048501
048502
048505
048509
048510
048511
048513
048515
048517
048519
048521
048522
048524
048529
048531
048532
048536
048537
048539
048540
048542
048547
048548
048549
048550
048553
048554
048555
048556
048559
048561
048563
048567
048570
048572
048574
048575
048576
048577
048582
048583
048584
048585
048587
048588
048589
048590
048591
048597
048600
048601
048604
048605
048606
048609
048615
048616
048617
048619
048620
048621
048622
048623
048624
048625
048627
048628
048630
048631
048633
048634
048635
048637
048638
048641
048642
048644
048646
048647
048648
048649
048650
048652
048654
048655
048657
048658
048659
048660
048661
048662
048663
048664
048665
048667
048668
048670
048671
048673
048675
048677
048678
048680
048681
048683
048685
048687
048689
048690
048691
048694
048699
048701
048702
048704
048705
048706
048707
048708
048710
048711
048713
048716
048718
048719
048723
048726
048727
048729
048730
048733
048735
048738
048740
048742
048743
048744
048745
048747
048749
048750
048751
048759
048760
048764
048766
048770
048771
048773
048775
048776
048777
048780
048781
048782
048785
048786
048787
048788
048792
048793
048796
048797
048798
048799
048801
048803
048804
048809
048812
048814
048815
048817
048818
048819
048821
048822
048824
048826
048828
048829
048830
048832
048834
048835
048837
048840
048842
048845
048849
048850
048853
048854
048858
048863
048869
048870
048873
048874
048880
048881
048884
048885
048888
048890
048891
048893
048894
048896
048897
048898
048899
048900
048901
048902
048905
048907
048909
048914
048915
048916
048917
048918
048920
048926
048927
048928
048930
048932
048933
048934
048936
048938
048939
048941
048942
048945
048946
048949
048950
048951
048955
048958
048959
048960
048961
048962
048964
048965
048969
048973
048974
048976
048977
048981
048982
048985
048986
048990
048991
048993
048994
048996
048997
048998
049001
049003
049004
049006
049007
049010
049013
049015
049019
049020
049021
049023
049024
049027
049030
049031
049033
049034
049036
049037
049038
049041
049042
049044
049045
049046
049047
049050
049054
049059
049063
049064
049065
049068
049069
049071
049074
049076
049079
049082
049084
049086
049087
049088
049089
049090
049092
049096
049097
049098
049099
049103
049105
049107
049108
049111
049115
049116
049117
049118
049121
049122
049123
049129
049130
049136
049141
049142
049144
049149
049151
049153
049156
049157
049159
049160
049166
049167
049172
049173
049174
049178
049184
049185
049189
049192
049193
049196
049197
049199
049200
049205
049208
049209
049210
049211
049212
049213
049214
049216
049218
049219
049221
049223
049227
049228
049229
049231
049233
049234
049235
049238
049239
049241
049245
049248
049249
049250
049252
049256
049257
049258
049259
049262
049263
049264
049267
049269
049275
049277
049279
049280
049281
049284
049285
049286
049287
049288
049290
049291
049295
049296
049297
049299
049300
049301
049302
049303
049304
049305
049306
049308
049311
049312
049314
049315
049316
049317
049318
049319
049321
049322
049323
049325
049326
049327
049328
049329
049330
049331
049332
049333
049334
049336
049339
049341
049343
049344
049349
049354
049355
049357
049359
049361
049363
049366
049371
049373
049374
049375
049376
049377
049378
049380
049381
049383
049388
049389
049390
049393
049397
049399
049401
049404
049408
049409
049412
049413
049414
049415
049416
049417
049418
049419
049420
049421
049425
049427
049428
049431
049432
049434
049435
049438
049442
049447
049450
049451
049452
049453
049454
049458
049461
049465
049466
049467
049470
049471
049473
049475
049476
049477
049478
049479
049481
049483
049484
049487
049488
049491
049492
049493
049500
049501
049505
049506
049508
049509
049510
049514
049515
049517
049520
049526
049527
049529
049530
049533
049534
049537
049541
049543
049545
049547
049549
049551
049552
049553
049557
049560
049561
049562
049563
049564
049568
049569
049570
049571
049572
049573
049574
049575
049576
049577
049578
049581
049584
049585
049586
049588
049589
049590
049591
049593
049594
049597
049598
049599
049600
049604
049607
049612
049614
049615
049617
049618
049619
049620
049621
049622
049623
049625
049627
049629
049630
049632
049640
049642
049645
049647
049648
049649
049651
049653
049654
049656
049658
049659
049660
049661
049662
049665
049668
049670
049671
049674
049675
049676
049678
049679
049680
049681
049683
049684
049687
049688
049689
049693
049694
049695
049697
049699
049700
049701
049702
049708
049710
049711
049712
049714
049716
049718
049720
049723
049724
049725
049727
049728
049730
049732
049733
049736
049742
049743
049744
049746
049748
049750
049751
049752
049753
049754
049756
049757
049761
049763
049764
049765
049767
049768
049769
049770
049772
049773
049774
049775
049777
049785
049786
049787
049789
049790
049791
049792
049794
049795
049796
049797
049798
049799
049801
049802
049803
049807
049815
049816
049818
049820
049821
049822
049824
049825
049826
049827
049828
049829
049831
049832
049833
049835
049837
049839
049841
049843
049845
049846
049848
049849
049850
049854
049855
049858
049859
049860
049862
049864
049866
049867
049868
049870
049871
049873
049874
049875
049876
049879
049880
049881
049882
049883
049886
049889
049890
049891
049893
049895
049897
049898
049899
049901
049904
049905
049906
049907
049908
049909
049910
049911
049912
049913
049916
049917
049918
049920
049924
049925
049926
049927
049928
049930
049932
049933
049935
049936
049938
049946
049947
049955
049956
049958
049959
049962
049964
049965
049966
049967
049968
049970
049971
049973
049975
049976
049980
049981
049982
049983
049986
049987
049989
049990
049991
049993
049994
049998
050001
050002
050005
050006
050007
050009
050011
050013
050014
050015
050017
050018
050020
050022
050023
050026
050027
050028
050029
050031
050032
050037
050038
050040
050042
050045
050046
050048
050053
050056
050058
050059
050061
050062
050063
050064
050065
050076
050078
050080
050081
050082
050083
050084
050090
050093
050094
050095
050096
050097
050098
050101
050102
050103
050104
050106
050108
050111
050112
050113
050114
050118
050119
050124
050125
050126
050128
050129
050132
050133
050134
050138
050139
050142
050144
050147
050148
050151
050152
050153
050154
050157
050159
050160
050161
050162
050164
050165
050166
050167
050168
050171
050172
050173
050175
050179
050181
050183
050185
050186
050187
050188
050189
050190
050192
050193
050194
050198
050199
050200
050206
050211
050214
050215
050217
050218
050219
050220
050222
050224
050226
050227
050233
050235
050238
050243
050244
050248
050252
050253
050256
050258
050260
050261
050262
050263
050264
050265
050267
050271
050274
050278
050279
050284
050285
050287
050292
050294
050295
050296
050297
050299
050302
050305
050306
050307
050308
050312
050313
050314
050315
050316
050318
050321
050322
050324
050330
050331
050332
050333
050335
050339
050340
050341
050344
050345
050349
050350
050351
050354
050355
050356
050359
050361
050362
050365
050367
050369
050370
050371
050372
050373
050375
050379
050381
050382
050383
050385
050389
050390
050391
050392
050394
050397
050401
050402
050408
050409
050410
050411
050413
050414
050417
050418
050422
050423
050424
050425
050426
050427
050429
050430
050431
050432
050433
050434
050436
050437
050441
050443
050444
050446
050449
050450
050452
050453
050454
050455
050456
050457
050458
050461
050462
050463
050468
050470
050472
050473
050474
050475
050477
050478
050479
050480
050483
050485
050486
050488
050490
050492
050495
050496
050498
050499
050500
050501
050503
050504
050505
050506
050508
050512
050513
050514
050515
050517
050519
050520
050523
050524
050525
050527
050528
050530
050531
050533
050534
050535
050536
050537
050543
050545
050546
050551
050552
050554
050557
050559
050561
050569
050571
050572
050573
050574
050575
050576
050577
050579
050580
050581
050582
050584
050587
050588
050589
050591
050593
050594
050596
050599
050601
050602
050603
050604
050606
050607
050611
050614
050616
050617
050619
050621
050628
050630
050631
050636
050637
050638
050640
050642
050644
050645
050646
050648
050649
050651
050653
050657
050660
050661
050662
050663
050664
050668
050670
050676
050679
050680
050683
050685
050687
050689
050691
050692
050694
050695
050701
050702
050703
050705
050707
050708
050710
050711
050713
050715
050717
050721
050722
050724
050727
050728
050729
050730
050733
050737
050739
050740
050741
050744
050745
050746
050747
050748
050751
050755
050757
050758
050759
050760
050761
050762
050763
050764
050768
050774
050777
050779
050780
050782
050783
050784
050785
050788
050791
050792
050794
050795
050798
050802
050803
050804
050806
050807
050810
050811
050812
050813
050816
050818
050819
050820
050825
050826
050827
050830
050831
050833
050835
050838
050839
050840
050841
050842
050844
050846
050848
050849
050850
050851
050852
050857
050859
050860
050861
050863
050865
050866
050871
050874
050875
050877
050881
050884
050886
050893
050896
050898
050903
050907
050909
050910
050911
050913
050918
050920
050921
050922
050923
050928
050929
050930
050931
050933
050935
050936
050937
050940
050942
050944
050945
050946
050949
050955
050959
050960
050961
050964
050965
050970
050971
050973
050974
050975
050977
050978
050979
050981
050982
050983
050985
050988
050991
050993
050994
050995
050997
050998
051001
051003
051004
051006
051009
051012
051013
051014
051015
051016
051017
051018
051019
051020
051021
051022
051023
051024
051025
051026
051028
051029
051035
051037
051039
051040
051041
051043
051044
051047
051049
051050
051051
051052
051053
051057
051058
051059
051060
051061
051065
051066
051067
051069
051075
051076
051078
051082
051084
051085
051086
051087
051093
051095
051096
051097
051099
051100
051101
051103
051105
051106
051107
051108
051113
051114
051115
051116
051120
051121
051124
051125
051126
051127
051130
051131
051132
051135
051136
051139
051140
051142
051144
051145
051147
051149
051151
051152
051153
051155
051158
051160
051165
051166
051170
051171
051173
051176
051177
051178
051182
051185
051186
051189
051190
051191
051194
051196
051198
051200
051202
051206
051208
051211
051212
051214
051217
051218
051220
051221
051222
051223
051224
051227
051229
051231
051232
051235
051243
051244
051245
051247
051248
051249
051250
051251
051252
051254
051256
051257
051258
051261
051262
051263
051264
051266
051267
051271
051272
051274
051275
051276
051278
051279
051281
051282
051283
051284
051285
051286
051287
051288
051291
051294
051298
051300
051301
051302
051304
051306
051308
051309
051311
051313
051315
051316
051317
051318
051320
051321
051322
051331
051332
051334
051335
051337
051338
051339
051346
051349
051354
051357
051358
051361
051362
051363
051365
051367
051368
051370
051372
051373
051374
051378
051379
051381
051382
051383
051384
051385
051386
051387
051388
051389
051391
051393
051396
051398
051400
051403
051406
051408
051409
051412
051413
051414
051415
051416
051417
051418
051423
051424
051426
051428
051431
051432
051433
051434
051436
051437
051439
051440
051442
051443
051445
051446
051447
051450
051451
051454
051455
051456
051457
051458
051460
051461
051463
051467
051468
051469
051470
051474
051477
051478
051479
051484
051486
051487
051488
051489
051490
051491
051492
051493
051494
051495
051497
051498
051501
051504
051506
051507
051508
051510
051511
051513
051515
051516
051518
051519
051522
051524
051525
051527
051530
051533
051534
051537
051540
051541
051542
051544
051547
051549
051553
051554
051556
051558
051563
051565
051566
051567
051569
051578
051580
051582
051583
051586
051588
051589
051591
051593
051594
051595
051596
051597
051598
051601
051604
051605
051607
051609
051610
051612
051614
051615
051616
051622
051624
051625
051626
051627
051628
051630
051631
051632
051633
051634
051635
051637
051638
051639
051641
051642
051643
051647
051648
051649
051650
051652
051653
051654
051655
051657
051662
051663
051664
051666
051667
051668
051671
051673
051677
051679
051680
051682
051683
051684
051685
051689
051690
051692
051693
051694
051696
051697
051698
051699
051700
051713
051714
051715
051720
051725
051728
051730
051731
051737
051742
051743
051744
051745
051746
051747
051753
051755
051757
051758
051760
051761
051762
051764
051766
051767
051769
051772
051774
051775
051776
051779
051780
051781
051785
051787
051788
051791
051796
051797
051798
051799
051804
051805
051806
051807
051809
051813
051815
051817
051818
051820
051821
051823
051827
051828
051829
051832
051834
051836
051839
051840
051842
051846
051847
051848
051849
051850
051851
051853
051854
051857
051858
051859
051860
051863
051864
051866
051867
051868
051869
051872
051876
051878
051879
051881
051882
051888
051892
051893
051894
051896
051898
051899
051900
051902
051903
051904
051909
051911
051914
051915
051917
051919
051920
051921
051924
051926
051927
051928
051931
051932
051933
051934
051935
051936
051939
051941
051943
051944
051945
051946
051951
051952
051954
051956
051957
051959
051961
051962
051963
051965
051967
051970
051971
051972
051973
051977
051979
051982
051984
051985
051989
051991
051992
051993
051994
051995
051997
052000
052001
052002
052003
052004
052008
052009
052010
052011
052013
052014
052016
052023
052030
052033
052035
052037
052039
052040
052041
052042
052044
052049
052050
052051
052052
052057
052058
052059
052062
052063
052067
052068
052070
052071
052074
052077
052078
052081
052082
052083
052084
052085
052086
052091
052094
052095
052097
052098
052100
052101
052105
052106
052109
052110
052114
052115
052116
052121
052123
052125
052129
052130
052133
052134
052135
052138
052142
052144
052147
052148
052149
052151
052152
052155
052157
052158
052159
052160
052163
052164
052166
052168
052169
052171
052173
052174
052176
052177
052178
052180
052181
052183
052184
052186
052189
052190
052191
052192
052193
052194
052196
052198
052200
052201
052202
052203
052205
052209
052210
052211
052212
052213
052215
052218
052219
052220
052222
052223
052224
052227
052230
052232
052233
052236
052237
052238
052241
052242
052244
052246
052247
052248
052255
052257
052258
052259
052262
052263
052265
052266
052267
052268
052269
052270
052271
052272
052274
052275
052276
052277
052278
052281
052282
052283
052284
052285
052287
052289
052290
052291
052293
052295
052296
052297
052298
052299
052304
052306
052307
052308
052309
052313
052314
052316
052318
052320
052323
052324
052325
052326
052327
052329
052332
052333
052334
052335
052336
052337
052338
052341
052343
052344
052346
052349
052352
052354
052355
052357
052358
052361
052362
052364
052365
052369
052370
052375
052377
052382
052384
052385
052387
052388
052389
052390
052391
052395
052396
052397
052398
052399
052401
052403
052405
052406
052408
052409
052410
052413
052415
052418
052422
052423
052424
052428
052429
052430
052431
052432
052433
052434
052436
052437
052438
052440
052442
052443
052444
052445
052447
052450
052452
052456
052458
052461
052462
052463
052466
052468
052470
052471
052472
052480
052483
052484
052485
052486
052487
052490
052492
052495
052496
052497
052498
052500
052501
052503
052505
052506
052509
052510
052511
052515
052517
052520
052522
052523
052526
052527
052528
052529
052531
052536
052538
052541
052542
052545
052549
052550
052553
052555
052559
052565
052567
052568
052569
052572
052576
052580
052581
052583
052586
052587
052588
052591
052593
052594
052595
052596
052598
052599
052600
052601
052602
052605
052607
052608
052610
052611
052613
052615
052616
052617
052619
052622
052623
052624
052625
052626
052628
052629
052630
052631
052632
052633
052639
052640
052643
052647
052648
052651
052652
052653
052654
052655
052656
052659
052663
052664
052666
052667
052668
052673
052676
052677
052678
052679
052681
052682
052684
052685
052691
052693
052694
052695
052696
052697
052699
052700
052701
052702
052705
052706
052707
052709
052714
052715
052716
052722
052723
052725
052726
052727
052728
052729
052734
052735
052736
052738
052739
052740
052742
052745
052747
052750
052751
052756
052757
052758
052759
052764
052765
052767
052768
052770
052771
052774
052776
052777
052778
052781
052782
052784
052785
052786
052787
052788
052792
052793
052794
052795
052796
052797
052801
052803
052805
052806
052807
052808
052812
052814
052815
052816
052818
052819
052821
052822
052823
052824
052826
052827
052828
052830
052831
052832
052833
052834
052835
052838
052841
052843
052844
052846
052847
052849
052852
052853
052856
052857
052860
052865
052867
052871
052873
052874
052875
052876
052882
052883
052885
052886
052887
052890
052892
052893
052894
052896
052897
052901
052902
052903
052905
052907
052909
052914
052916
052918
052923
052927
052930
052932
052933
052934
052937
052941
052943
052944
052947
052948
052951
052952
052953
052956
052958
052959
052960
052962
052965
052966
052968
052969
052970
052971
052973
052975
052976
052977
052978
052980
052981
052984
052985
052986
052988
052997
052999
053000
053001
053005
053009
053010
053012
053017
053019
053020
053023
053024
053026
053028
053029
053031
053033
053034
053036
053037
053038
053039
053040
053042
053043
053044
053046
053047
053048
053049
053050
053052
053054
053056
053061
053062
053064
053065
053067
053070
053072
053073
053074
053079
053080
053082
053083
053085
053089
053090
053091
053092
053095
053099
053101
053102
053104
053106
053109
053116
053117
053119
053122
053123
053124
053126
053128
053132
053134
053137
053140
053141
053148
053150
053151
053153
053154
053155
053157
053162
053164
053165
053166
053167
053169
053172
053173
053174
053176
053178
053180
053184
053185
053186
053187
053188
053189
053191
053192
053193
053196
053197
053198
053199
053200
053201
053202
053203
053204
053206
053207
053208
053209
053210
053215
053218
053219
053220
053221
053222
053224
053226
053227
053228
053229
053232
053233
053235
053236
053239
053241
053242
053246
053247
053249
053250
053253
053254
053256
053257
053258
053259
053260
053261
053262
053266
053269
053271
053272
053273
053274
053275
053276
053277
053278
053280
053281
053283
053285
053287
053290
053293
053294
053295
053297
053298
053301
053303
053305
053310
053311
053313
053315
053316
053319
053322
053323
053324
053327
053329
053331
053334
053335
053336
053337
053343
053344
053349
053350
053352
053356
053357
053358
053360
053368
053370
053372
053373
053375
053380
053381
053386
053387
053388
053389
053390
053392
053405
053406
053408
053409
053410
053411
053412
053414
053415
053416
053417
053419
053420
053421
053422
053423
053424
053425
053426
053430
053431
053433
053436
053437
053440
053442
053443
053444
053445
053446
053447
053448
053449
053450
053453
053455
053458
053459
053460
053462
053464
053470
053471
053472
053473
053474
053478
053479
053482
053483
053484
053485
053488
053489
053490
053493
053494
053500
053502
053506
053510
053512
053513
053515
053518
053522
053523
053524
053525
053529
053531
053532
053533
053534
053535
053536
053537
053538
053539
053540
053543
053544
053546
053549
053550
053551
053553
053554
053555
053561
053562
053565
053567
053568
053570
053572
053578
053579
053581
053582
053583
053588
053591
053592
053593
053595
053596
053597
053600
053601
053602
053603
053606
053610
053611
053614
053615
053619
053620
053621
053622
053624
053626
053627
053629
053631
053632
053638
053639
053640
053641
053643
053645
053646
053648
053649
053651
053652
053653
053658
053660
053663
053664
053668
053669
053671
053673
053674
053677
053678
053679
053682
053684
053686
053687
053689
053691
053697
053699
053701
053702
053703
053705
053706
053707
053708
053711
053712
053713
053714
053716
053718
053719
053721
053724
053725
053726
053727
053728
053730
053731
053732
053734
053737
053738
053739
053741
053742
053746
053747
053748
053750
053751
053754
053755
053757
053760
053761
053762
053763
053766
053768
053769
053773
053774
053775
053777
053778
053780
053781
053782
053783
053786
053788
053790
053791
053792
053793
053794
053795
053796
053801
053802
053805
053806
053807
053808
053809
053810
053813
053814
053815
053816
053819
053820
053821
053822
053823
053825
053826
053827
053831
053832
053834
053837
053838
053843
053848
053849
053850
053855
053856
053857
053859
053861
053862
053866
053867
053868
053870
053872
053873
053875
053876
053877
053878
053879
053880
053882
053886
053889
053891
053892
053894
053900
053901
053902
053905
053907
053908
053909
053910
053914
053915
053918
053919
053925
053926
053928
053930
053931
053932
053935
053936
053937
053941
053943
053944
053945
053947
053948
053949
053950
053952
053954
053955
053956
053958
053961
053962
053963
053964
053966
053967
053968
053969
053970
053971
053972
053973
053974
053975
053976
053977
053980
053983
053984
053985
053986
053988
053992
053996
053997
054001
054002
054004
054006
054011
054012
054013
054014
054015
054019
054021
054023
054025
054027
054030
054031
054032
054033
054034
054039
054040
054041
054042
054043
054044
054046
054047
054049
054055
054058
054063
054064
054065
054066
054069
054070
054076
054079
054080
054083
054084
054087
054088
054089
054092
054093
054094
054098
054099
054101
054104
054106
054107
054109
054117
054118
054119
054122
054123
054125
054126
054129
054130
054131
054133
054134
054135
054136
054137
054138
054141
054143
054144
054145
054147
054149
054152
054153
054155
054156
054157
054158
054160
054162
054163
054166
054167
054168
054169
054171
054172
054173
054174
054175
054179
054181
054182
054183
054184
054185
054187
054188
054192
054193
054194
054199
054201
054202
054203
054204
054205
054206
054207
054210
054212
054213
054214
054215
054216
054217
054218
054221
054222
054223
054225
054226
054228
054229
054231
054240
054241
054242
054244
054245
054246
054247
054248
054255
054256
054258
054259
054264
054265
054266
054268
054276
054277
054278
054279
054284
054286
054287
054288
054289
054290
054292
054293
054294
054296
054297
054298
054299
054304
054307
054308
054311
054313
054314
054315
054319
054320
054321
054323
054326
054334
054336
054337
054341
054342
054343
054344
054345
054346
054347
054349
054350
054352
054355
054358
054360
054361
054362
054363
054364
054365
054366
054367
054368
054369
054372
054374
054375
054377
054378
054379
054381
054382
054384
054385
054386
054387
054388
054389
054390
054392
054393
054395
054397
054405
054407
054411
054413
054416
054417
054419
054421
054422
054423
054428
054430
054434
054435
054438
054439
054440
054444
054445
054446
054448
054453
054454
054455
054456
054457
054458
054461
054463
054465
054466
054467
054471
054474
054475
054478
054479
054482
054485
054489
054490
054491
054493
054495
054497
054498
054500
054503
054505
054507
054509
054510
054511
054513
054516
054517
054519
054521
054522
054523
054524
054525
054526
054527
054528
054529
054531
054532
054534
054535
054536
054537
054538
054540
054541
054543
054545
054546
054547
054553
054554
054555
054559
054564
054565
054572
054573
054574
054575
054578
054587
054588
054590
054595
054596
054598
054600
054602
054604
054607
054610
054612
054613
054616
054617
054618
054619
054621
054623
054625
054626
054627
054628
054631
054633
054635
054637
054638
054639
054642
054643
054646
054648
054649
054651
054654
054656
054659
054661
054662
054663
054668
054670
054671
054673
054677
054678
054681
054683
054686
054687
054689
054691
054693
054694
054699
054700
054701
054703
054704
054705
054706
054709
054710
054711
054713
054715
054718
054719
054720
054721
054725
054726
054727
054729
054730
054731
054733
054734
054737
054740
054741
054743
054745
054747
054748
054751
054754
054757
054758
054761
054762
054763
054764
054765
054766
054768
054769
054770
054773
054775
054778
054779
054780
054783
054787
054788
054790
054794
054795
054796
054797
054798
054801
054802
054803
054805
054809
054812
054813
054814
054815
054816
054817
054819
054827
054830
054831
054832
054834
054835
054836
054838
054839
054842
054845
054852
054853
054856
054857
054858
054859
054860
054862
054863
054866
054867
054869
054871
054874
054880
054882
054884
054886
054888
054889
054890
054892
054893
054897
054898
054899
054900
054903
054907
054909
054910
054912
054913
054914
054916
054917
054918
054919
054920
054921
054922
054923
054925
054926
054934
054937
054939
054941
054944
054945
054946
054947
054949
054950
054951
054954
054955
054956
054958
054959
054960
054961
054963
054965
054967
054968
054972
054973
054975
054977
054978
054979
054980
054982
054983
054985
054987
054989
054992
054993
054994
054996
054999
055001
055003
055004
055005
055006
055009
055011
055012
055013
055015
055016
055020
055023
055024
055025
055026
055027
055029
055033
055034
055035
055038
055039
055040
055042
055043
055047
055049
055051
055052
055053
055056
055057
055059
055062
055063
055066
055068
055069
055070
055071
055076
055080
055081
055082
055083
055087
055088
055089
055090
055093
055095
055096
055097
055098
055099
055101
055102
055106
055107
055112
055113
055115
055118
055120
055121
055124
055125
055126
055127
055129
055130
055134
055135
055137
055140
055141
055148
055153
055154
055158
055159
055164
055166
055168
055169
055172
055173
055174
055175
055176
055177
055180
055182
055186
055187
055188
055189
055190
055192
055193
055194
055196
055197
055198
055200
055201
055203
055206
055207
055210
055213
055214
055215
055218
055225
055226
055229
055231
055232
055236
055237
055238
055240
055241
055242
055243
055244
055245
055248
055251
055253
055255
055256
055261
055262
055264
055270
055275
055276
055277
055278
055284
055285
055287
055289
055290
055291
055293
055294
055296
055297
055298
055299
055300
055304
055305
055308
055314
055315
055316
055317
055319
055320
055323
055324
055325
055326
055330
055336
055337
055338
055341
055342
055343
055345
055348
055349
055350
055352
055358
055360
055361
055362
055363
055364
055365
055366
055368
055370
055371
055372
055373
055375
055379
055382
055383
055390
055394
055395
055397
055398
055399
055401
055404
055405
055408
055410
055411
055412
055413
055414
055417
055418
055421
055426
055427
055428
055429
055430
055431
055432
055433
055435
055436
055437
055439
055440
055441
055442
055443
055444
055446
055448
055451
055454
055461
055462
055463
055464
055465
055466
055467
055469
055471
055473
055474
055475
055478
055480
055483
055484
055486
055488
055489
055490
055493
055494
055495
055496
055497
055499
055500
055501
055503
055504
055505
055507
055511
055513
055514
055516
055517
055518
055520
055521
055522
055524
055529
055531
055532
055533
055535
055536
055537
055538
055540
055542
055544
055545
055548
055550
055552
055554
055555
055556
055558
055564
055567
055568
055569
055570
055571
055574
055575
055577
055579
055586
055587
055591
055594
055596
055602
055604
055605
055608
055609
055611
055612
055613
055614
055617
055618
055620
055626
055628
055629
055631
055632
055633
055634
055635
055638
055639
055642
055648
055649
055651
055653
055656
055657
055659
055662
055663
055666
055667
055668
055669
055675
055676
055677
055678
055679
055680
055681
055682
055685
055688
055690
055692
055694
055695
055698
055701
055702
055703
055705
055706
055708
055710
055711
055713
055714
055716
055717
055719
055721
055722
055725
055727
055729
055730
055733
055734
055735
055736
055738
055740
055741
055742
055743
055747
055748
055749
055750
055752
055757
055759
055760
055762
055764
055766
055770
055771
055773
055774
055775
055776
055782
055783
055785
055786
055787
055789
055790
055792
055793
055795
055796
055798
055802
055803
055804
055808
055810
055811
055812
055814
055815
055818
055819
055820
055823
055828
055830
055832
055834
055835
055838
055841
055843
055845
055846
055848
055849
055852
055853
055854
055856
055857
055860
055861
055862
055864
055865
055866
055867
055871
055872
055875
055877
055878
055879
055883
055885
055888
055891
055894
055895
055897
055898
055899
055901
055905
055907
055908
055909
055912
055915
055916
055920
055922
055926
055927
055933
055934
055935
055936
055937
055938
055939
055942
055943
055945
055946
055947
055948
055950
055951
055955
055956
055958
055959
055961
055962
055963
055964
055966
055967
055968
055970
055971
055973
055974
055976
055977
055978
055979
055980
055981
055984
055985
055986
055988
055989
055991
055992
055993
055994
055995
055998
055999
056001
056005
056006
056011
056014
056018
056020
056022
056024
056025
056027
056028
056029
056030
056036
056037
056041
056045
056046
056048
056051
056055
056057
056059
056062
056063
056065
056068
056069
056073
056075
056076
056081
056083
056085
056087
056088
056090
056092
056093
056095
056097
056098
056100
056103
056104
056105
056110
056111
056112
056114
056117
056118
056123
056127
056129
056130
056132
056134
056135
056136
056137
056138
056140
056141
056144
056145
056146
056150
056153
056156
056157
056159
056161
056163
056165
056166
056167
056168
056169
056170
056172
056173
056174
056175
056176
056178
056179
056180
056181
056184
056185
056186
056187
056188
056189
056190
056193
056194
056195
056198
056200
056203
056209
056210
056213
056214
056215
056216
056218
056221
056223
056224
056225
056229
056230
056232
056235
056236
056237
056239
056240
056241
056243
056245
056246
056247
056248
056249
056250
056251
056253
056254
056256
056258
056262
056263
056264
056265
056266
056268
056271
056274
056276
056278
056279
056280
056282
056283
056287
056288
056289
056290
056292
056293
056294
056298
056299
056300
056302
056303
056304
056305
056306
056308
056309
056310
056311
056312
056314
056316
056318
056320
056321
056322
056323
056324
056325
056330
056332
056333
056334
056335
056338
056339
056341
056343
056346
056347
056349
056351
056353
056356
056358
056361
056363
056364
056366
056368
056369
056370
056371
056374
056376
056377
056378
056380
056382
056383
056385
056386
056391
056392
056395
056398
056399
056400
056401
056404
056405
056407
056410
056411
056418
056423
056430
056432
056434
056435
056438
056439
056441
056442
056444
056446
056448
056451
056452
056453
056457
056460
056463
056464
056468
056470
056472
056473
056474
056478
056480
056481
056482
056483
056489
056490
056491
056493
056494
056495
056496
056497
056498
056499
056500
056501
056503
056505
056506
056507
056508
056509
056510
056512
056513
056518
056519
056520
056522
056524
056527
056529
056533
056534
056535
056538
056539
056541
056542
056548
056549
056550
056552
056553
056554
056555
056556
056558
056562
056563
056564
056567
056568
056569
056572
056574
056575
056576
056578
056580
056583
056585
056587
056588
056589
056593
056594
056597
056599
056601
056603
056604
056605
056607
056608
056609
056610
056612
056613
056615
056616
056619
056622
056624
056627
056630
056632
056633
056636
056638
056639
056641
056642
056643
056645
056647
056648
056649
056653
056658
056659
056663
056665
056666
056667
056668
056670
056671
056674
056676
056678
056683
056684
056685
056688
056690
056691
056692
056697
056698
056699
056700
056702
056704
056706
056707
056708
056709
056714
056721
056723
056724
056725
056726
056728
056730
056731
056732
056733
056734
056739
056742
056744
056748
056752
056754
056755
056756
056758
056759
056761
056763
056771
056774
056775
056779
056782
056783
056785
056788
056792
056793
056795
056796
056798
056800
056801
056804
056805
056810
056811
056812
056813
056814
056817
056818
056821
056823
056828
056829
056831
056833
056835
056836
056838
056839
056840
056841
056843
056846
056848
056849
056852
056859
056861
056862
056863
056869
056870
056871
056873
056876
056878
056880
056881
056882
056883
056885
056886
056889
056890
056892
056893
056895
056896
056899
056900
056901
056902
056904
056907
056908
056909
056910
056915
056916
056921
056922
056923
056925
056927
056928
056929
056930
056932
056933
056939
056940
056942
056944
056945
056947
056948
056950
056951
056952
056957
056958
056959
056960
056961
056963
056965
056966
056967
056968
056969
056971
056972
056976
056977
056978
056979
056981
056983
056984
056986
056987
056989
056992
056996
056997
056998
056999
057000
057002
057004
057005
057009
057013
057016
057017
057018
057020
057023
057025
057028
057029
057030
057032
057034
057037
057043
057045
057046
057049
057051
057052
057053
057055
057056
057057
057058
057060
057063
057064
057065
057067
057068
057069
057071
057073
057074
057076
057078
057079
057080
057081
057082
057083
057085
057086
057087
057089
057090
057091
057094
057096
057098
057099
057101
057104
057105
057106
057107
057111
057112
057113
057115
057116
057117
057118
057119
057123
057125
057126
057127
057133
057134
057135
057136
057138
057139
057141
057145
057146
057148
057149
057150
057151
057154
057155
057156
057157
057158
057160
057161
057162
057163
057164
057165
057171
057174
057176
057180
057182
057184
057187
057188
057189
057190
057191
057194
057196
057199
057201
057202
057203
057204
057206
057207
057208
057211
057212
057213
057215
057216
057217
057218
057220
057221
057222
057224
057225
057226
057227
057231
057232
057233
057234
057236
057237
057238
057239
057241
057242
057243
057244
057245
057247
057253
057255
057257
057258
057259
057261
057263
057266
057267
057270
057271
057272
057274
057276
057277
057278
057279
057280
057282
057283
057284
057286
057287
057290
057293
057295
057296
057298
057299
057301
057305
057306
057307
057309
057312
057314
057315
057316
057318
057319
057320
057322
057323
057325
057333
057334
057342
057343
057347
057348
057349
057351
057354
057356
057357
057358
057359
057361
057364
057365
057367
057370
057371
057373
057375
057377
057378
057379
057383
057391
057393
057395
057396
057399
057402
057403
057404
057408
057412
057413
057416
057417
057418
057419
057420
057425
057426
057427
057429
057431
057432
057433
057435
057436
057437
057439
057441
057445
057446
057447
057449
057450
057453
057454
057455
057457
057458
057466
057468
057469
057470
057474
057476
057478
057479
057481
057483
057484
057486
057489
057490
057491
057492
057493
057494
057497
057500
057501
057502
057504
057510
057511
057512
057513
057514
057517
057518
057520
057522
057524
057525
057526
057529
057532
057534
057535
057536
057537
057540
057542
057543
057544
057546
057547
057550
057552
057555
057556
057557
057558
057561
057562
057574
057575
057577
057578
057579
057580
057581
057583
057586
057592
057593
057594
057595
057599
057600
057601
057602
057607
057608
057609
057614
057615
057622
057623
057624
057625
057628
057631
057632
057633
057635
057636
057637
057638
057640
057641
057642
057643
057644
057645
057647
057648
057650
057651
057652
057653
057655
057656
057657
057658
057659
057660
057663
057665
057667
057669
057671
057672
057674
057675
057678
057679
057681
057682
057683
057684
057686
057689
057690
057692
057693
057696
057697
057698
057700
057701
057702
057704
057705
057706
057707
057709
057710
057711
057712
057713
057714
057715
057717
057720
057722
057724
057725
057731
057732
057734
057735
057736
057737
057739
057740
057742
057746
057747
057748
057750
057751
057754
057756
057758
057761
057763
057764
057766
057768
057769
057770
057774
057775
057777
057780
057781
057783
057784
057785
057788
057790
057791
057792
057800
057802
057803
057804
057805
057808
057813
057814
057815
057820
057823
057827
057828
057829
057830
057831
057832
057833
057834
057835
057837
057838
057840
057843
057847
057849
057852
057853
057854
057857
057861
057862
057864
057866
057870
057871
057872
057873
057874
057877
057878
057882
057883
057886
057887
057888
057889
057891
057892
057893
057896
057897
057898
057901
057904
057905
057907
057909
057910
057912
057913
057915
057916
057919
057920
057921
057922
057923
057925
057927
057928
057930
057931
057932
057933
057935
057937
057939
057940
057941
057943
057944
057945
057948
057950
057951
057955
057957
057958
057960
057963
057965
057968
057969
057972
057973
057976
057980
057981
057983
057987
057995
057996
057997
057999
058000
058001
058002
058003
058004
058006
058007
058008
058009
058010
058012
058015
058016
058017
058018
058019
058020
058021
058026
058028
058030
058032
058035
058040
058042
058043
058044
058045
058046
058047
058048
058049
058051
058057
058059
058060
058061
058064
058065
058066
058068
058069
058070
058071
058075
058077
058078
058079
058081
058085
058086
058088
058092
058096
058099
058100
058101
058102
058103
058104
058105
058107
058108
058109
058110
058111
058115
058116
058117
058118
058122
058124
058126
058129
058130
058132
058135
058136
058138
058140
058143
058145
058147
058148
058150
058151
058152
058153
058154
058159
058160
058163
058164
058165
058167
058169
058170
058173
058178
058179
058180
058182
058184
058188
058189
058190
058192
058195
058196
058197
058198
058199
058200
058201
058202
058203
058204
058205
058207
058208
058209
058210
058211
058213
058214
058218
058219
058220
058222
058230
058232
058233
058235
058237
058238
058239
058240
058242
058243
058245
058246
058249
058250
058252
058253
058254
058257
058258
058260
058262
058264
058266
058267
058269
058271
058274
058276
058277
058278
058281
058288
058289
058290
058293
058297
058299
058300
058301
058302
058303
058304
058307
058309
058314
058315
058317
058319
058322
058324
058326
058329
058330
058331
058332
058333
058334
058336
058339
058340
058341
058342
058344
058346
058347
058348
058349
058350
058351
058353
058355
058357
058362
058367
058369
058370
058373
058375
058376
058377
058379
058380
058381
058382
058385
058387
058388
058389
058391
058393
058406
058407
058411
058412
058414
058419
058420
058422
058424
058425
058428
058429
058430
058437
058438
058439
058443
058445
058446
058447
058451
058452
058455
058456
058457
058460
058461
058462
058463
058465
058467
058468
058469
058474
058476
058482
058483
058485
058486
058487
058488
058491
058494
058495
058497
058498
058500
058503
058504
058505
058507
058508
058509
058510
058512
058513
058516
058517
058519
058521
058525
058529
058531
058535
058536
058538
058541
058544
058546
058548
058550
058551
058552
058553
058554
058557
058559
058561
058562
058566
058567
058569
058570
058573
058575
058576
058577
058579
058582
058583
058584
058585
058586
058587
058588
058590
058591
058594
058596
058598
058599
058600
058601
058603
058604
058606
058607
058610
058611
058615
058616
058619
058620
058622
058625
058629
058631
058632
058634
058635
058636
058637
058638
058639
058640
058643
058644
058645
058646
058647
058651
058652
058653
058654
058655
058656
058661
058662
058665
058666
058667
058670
058672
058675
058683
058684
058688
058691
058692
058693
058695
058696
058697
058698
058699
058700
058701
058705
058707
058709
058710
058711
058712
058715
058718
058719
058721
058723
058725
058728
058729
058731
058733
058734
058735
058736
058737
058739
058748
058749
058751
058752
058754
058755
058756
058757
058758
058763
058765
058766
058767
058769
058773
058774
058780
058782
058786
058788
058797
058798
058803
058804
058805
058807
058808
058809
058811
058815
058816
058817
058818
058819
058822
058823
058825
058826
058828
058829
058830
058831
058832
058833
058834
058836
058837
058838
058843
058850
058851
058852
058854
058856
058857
058859
058860
058863
058865
058866
058867
058869
058870
058871
058872
058873
058874
058875
058878
058884
058886
058887
058888
058890
058892
058895
058896
058897
058898
058902
058903
058904
058906
058910
058911
058913
058916
058918
058919
058922
058923
058924
058925
058927
058930
058931
058934
058939
058940
058941
058942
058944
058945
058946
058950
058952
058953
058955
058956
058959
058962
058963
058964
058968
058969
058971
058972
058973
058974
058975
058976
058977
058978
058979
058980
058981
058982
058983
058984
058985
058986
058987
058988
058990
058991
058992
058993
058995
058996
058997
059001
059004
059006
059007
059008
059009
059012
059014
059018
059024
059027
059028
059030
059031
059032
059033
059034
059036
059037
059040
059042
059044
059047
059052
059053
059054
059055
059060
059061
059062
059065
059066
059068
059069
059072
059073
059075
059076
059077
059079
059083
059084
059088
059089
059090
059092
059094
059095
059097
059100
059101
059102
059103
059105
059108
059110
059111
059115
059116
059117
059119
059121
059125
059126
059136
059137
059138
059139
059140
059142
059143
059148
059149
059153
059155
059156
059157
059158
059162
059164
059165
059166
059168
059169
059176
059179
059180
059181
059182
059183
059187
059188
059190
059191
059192
059193
059194
059195
059196
059199
059201
059203
059205
059206
059207
059208
059211
059217
059218
059219
059220
059224
059225
059226
059228
059229
059232
059233
059234
059235
059237
059238
059239
059242
059244
059246
059247
059249
059250
059251
059252
059255
059256
059257
059258
059261
059262
059263
059264
059265
059266
059272
059273
059274
059275
059276
059277
059279
059281
059282
059285
059286
059288
059290
059294
059296
059297
059299
059300
059301
059305
059306
059309
059310
059313
059314
059315
059317
059318
059319
059321
059323
059329
059331
059333
059334
059337
059342
059345
059347
059349
059351
059352
059355
059356
059357
059359
059360
059361
059363
059366
059367
059368
059370
059375
059376
059377
059378
059380
059383
059385
059389
059391
059392
059394
059395
059397
059399
059404
059406
059409
059410
059411
059412
059413
059415
059419
059426
059427
059428
059429
059434
059436
059439
059440
059441
059442
059443
059444
059445
059449
059455
059459
059460
059461
059462
059464
059465
059470
059471
059472
059473
059475
059486
059489
059493
059494
059502
059505
059507
059509
059511
059514
059516
059520
059522
059525
059526
059527
059529
059530
059532
059533
059536
059539
059540
059541
059542
059547
059548
059549
059550
059552
059556
059558
059559
059560
059561
059562
059564
059565
059566
059567
059573
059575
059576
059578
059580
059583
059586
059587
059588
059595
059600
059607
059608
059609
059610
059611
059614
059615
059618
059619
059620
059622
059624
059627
059628
059630
059632
059633
059634
059639
059642
059643
059644
059645
059647
059648
059649
059651
059653
059655
059658
059661
059662
059664
059665
059666
059667
059672
059673
059675
059677
059678
059679
059680
059681
059683
059685
059688
059689
059690
059691
059694
059696
059697
059703
059706
059707
059708
059712
059713
059715
059716
059717
059719
059720
059721
059724
059725
059727
059728
059729
059731
059733
059734
059735
059737
059738
059739
059740
059741
059743
059745
059746
059747
059749
059752
059754
059755
059756
059760
059761
059764
059765
059767
059768
059773
059774
059775
059776
059779
059782
059784
059785
059786
059788
059789
059791
059792
059794
059795
059797
059800
059801
059802
059805
059810
059811
059815
059816
059822
059825
059826
059831
059834
059835
059836
059837
059843
059847
059849
059851
059852
059856
059860
059862
059865
059866
059867
059868
059869
059871
059874
059875
059876
059877
059879
059882
059883
059885
059888
059889
059890
059891
059895
059898
059901
059902
059905
059906
059907
059908
059910
059911
059912
059913
059914
059916
059918
059920
059921
059922
059923
059925
059930
059931
059932
059933
059934
059938
059940
059941
059942
059945
059950
059951
059953
059954
059955
059957
059958
059961
059962
059963
059964
059965
059967
059970
059972
059973
059977
059978
059979
059982
059983
059984
059985
059987
059988
059990
059991
059993
059995
059997
060000
060001
060002
060003
060004
060005
060008
060009
060010
060011
060013
060015
060017
060019
060020
060022
060023
060024
060026
060027
060028
060029
060035
060039
060040
060042
060045
060046
060048
060049
060050
060051
060056
060058
060060
060061
060063
060066
060075
060077
060079
060080
060081
060091
060092
060093
060097
060098
060103
060104
060105
060107
060108
060110
060112
060113
060114
060117
060118
060121
060123
060124
060127
060128
060130
060133
060137
060139
060142
060148
060150
060153
060154
060155
060156
060158
060159
060160
060163
060165
060166
060169
060170
060172
060173
060175
060178
060179
060182
060183
060184
060185
060188
060189
060193
060195
060196
060197
060198
060199
060201
060202
060205
060206
060207
060209
060213
060218
060221
060222
060223
060227
060228
060229
060231
060232
060233
060234
060235
060236
060237
060240
060241
060243
060244
060245
060246
060248
060249
060250
060254
060255
060256
060257
060259
060260
060261
060262
060264
060265
060267
060269
060270
060271
060273
060274
060276
060280
060281
060286
060287
060288
060293
060295
060297
060298
060299
060306
060307
060310
060311
060312
060313
060315
060319
060320
060321
060322
060324
060325
060330
060333
060334
060336
060337
060338
060339
060340
060341
060342
060343
060345
060348
060349
060350
060351
060352
060353
060354
060358
060359
060360
060361
060366
060367
060369
060370
060371
060372
060375
060376
060377
060379
060381
060384
060386
060389
060390
060392
060397
060398
060399
060401
060402
060404
060405
060409
060410
060412
060413
060414
060415
060416
060417
060418
060420
060424
060427
060429
060430
060435
060436
060438
060439
060440
060441
060442
060443
060444
060446
060447
060451
060452
060453
060454
060455
060457
060459
060462
060463
060464
060466
060467
060468
060470
060471
060472
060473
060476
060481
060482
060483
060487
060488
060489
060491
060492
060496
060498
060499
060501
060502
060504
060505
060506
060510
060511
060513
060515
060516
060517
060518
060520
060522
060523
060524
060527
060528
060529
060530
060532
060536
060537
060538
060539
060540
060541
060542
060543
060548
060551
060552
060554
060555
060560
060561
060562
060564
060566
060567
060569
060571
060572
060575
060577
060580
060582
060586
060590
060591
060592
060594
060595
060602
060603
060604
060608
060610
060611
060614
060617
060618
060619
060624
060625
060627
060628
060629
060630
060632
060638
060639
060641
060643
060644
060646
060647
060648
060649
060650
060652
060656
060657
060660
060662
060667
060669
060670
060672
060673
060674
060675
060676
060677
060678
060679
060681
060686
060690
060691
060693
060695
060696
060698
060700
060702
060703
060705
060707
060710
060711
060719
060722
060724
060728
060729
060730
060731
060734
060741
060742
060743
060744
060747
060748
060749
060750
060752
060753
060754
060755
060756
060757
060759
060762
060763
060764
060765
060768
060771
060772
060776
060777
060783
060784
060787
060790
060791
060792
060793
060794
060796
060798
060800
060801
060802
060803
060805
060806
060808
060810
060811
060812
060814
060817
060819
060821
060822
060825
060826
060827
060830
060832
060834
060839
060840
060841
060842
060846
060847
060850
060852
060853
060854
060856
060857
060859
060860
060863
060866
060868
060870
060873
060875
060877
060880
060882
060885
060886
060887
060888
060889
060890
060893
060895
060898
060899
060903
060904
060905
060906
060907
060908
060909
060915
060916
060917
060918
060919
060921
060922
060926
060928
060930
060931
060932
060933
060934
060935
060937
060943
060944
060955
060958
060960
060961
060964
060966
060967
060968
060969
060970
060973
060976
060978
060980
060982
060983
060985
060988
060991
060992
060994
060997
061000
061003
061004
061008
061009
061012
061013
061015
061017
061018
061022
061023
061026
061027
061028
061032
061034
061035
061037
061038
061040
061043
061045
061047
061048
061049
061050
061053
061054
061055
061058
061060
061062
061064
061065
061066
061067
061068
061071
061074
061079
061082
061083
061084
061086
061091
061092
061095
061097
061098
061099
061100
061102
061106
061108
061109
061110
061112
061115
061116
061118
061120
061124
061126
061130
061131
061132
061133
061136
061138
061141
061142
061143
061144
061145
061148
061156
061157
061158
061161
061162
061163
061164
061166
061167
061168
061169
061170
061172
061173
061176
061177
061178
061180
061181
061183
061185
061187
061189
061190
061193
061197
061200
061202
061203
061204
061205
061207
061210
061211
061212
061213
061215
061216
061222
061224
061226
061227
061230
061231
061232
061233
061234
061235
061238
061241
061242
061243
061247
061248
061249
061251
061252
061254
061255
061258
061259
061260
061263
061264
061266
061269
061271
061272
061273
061275
061279
061282
061284
061285
061286
061287
061290
061291
061294
061297
061301
061302
061304
061306
061308
061309
061310
061311
061312
061313
061314
061316
061317
061319
061320
061321
061322
061329
061330
061331
061333
061335
061337
061338
061339
061342
061346
061347
061349
061350
061352
061355
061356
061357
061360
061364
061367
061369
061370
061371
061373
061374
061375
061376
061378
061379
061380
061383
061385
061386
061388
061390
061392
061394
061396
061397
061399
061400
061402
061407
061408
061409
061410
061412
061413
061414
061415
061421
061422
061423
061424
061425
061426
061427
061428
061430
061431
061432
061434
061436
061437
061438
061439
061441
061442
061446
061447
061448
061449
061450
061451
061452
061453
061455
061457
061458
061464
061465
061466
061470
061471
061474
061475
061477
061478
061480
061481
061482
061483
061486
061488
061490
061492
061493
061495
061496
061499
061500
061501
061502
061503
061504
061506
061509
061512
061513
061514
061516
061517
061518
061521
061523
061524
061525
061527
061528
061530
061531
061532
061536
061537
061538
061540
061541
061542
061545
061551
061555
061556
061558
061559
061560
061563
061565
061566
061567
061569
061572
061574
061576
061577
061578
061580
061582
061584
061586
061589
061590
061591
061592
061593
061594
061595
061597
061598
061599
061600
061606
061607
061609
061612
061614
061616
061617
061618
061619
061620
061623
061624
061626
061629
061630
061631
061632
061633
061635
061637
061641
061644
061649
061650
061651
061652
061653
061657
061658
061662
061663
061667
061671
061672
061673
061675
061676
061677
061686
061688
061690
061692
061694
061696
061697
061701
061707
061711
061712
061713
061714
061716
061718
061720
061721
061723
061725
061726
061727
061728
061729
061731
061732
061735
061736
061737
061738
061739
061740
061742
061745
061746
061749
061751
061752
061753
061754
061757
061758
061759
061762
061764
061766
061768
061770
061775
061776
061778
061779
061783
061785
061788
061789
061790
061794
061795
061798
061801
061802
061803
061804
061806
061808
061810
061811
061812
061813
061814
061815
061816
061817
061818
061819
061820
061821
061822
061823
061830
061831
061832
061833
061836
061839
061840
061842
061843
061845
061847
061848
061850
061851
061855
061857
061858
061859
061861
061862
061863
061866
061867
061868
061869
061870
061871
061872
061874
061875
061877
061878
061879
061880
061881
061882
061884
061888
061889
061890
061893
061894
061895
061897
061899
061902
061903
061904
061905
061906
061907
061908
061909
061911
061912
061913
061914
061916
061919
061920
061922
061923
061926
061927
061928
061932
061933
061934
061935
061939
061943
061945
061946
061948
061950
061951
061952
061953
061954
061957
061959
061961
061962
061963
061966
061968
061972
061974
061977
061978
061980
061981
061983
061984
061985
061987
061988
061989
061990
061991
061993
061994
061999
062000
062002
062003
062004
062008
062010
062012
062013
062014
062016
062017
062018
062019
062023
062028
062029
062031
062035
062036
062041
062042
062043
062044
062045
062050
062051
062054
062055
062057
062061
062062
062064
062066
062067
062069
062070
062073
062074
062076
062077
062078
062079
062080
062081
062082
062085
062086
062088
062089
062090
062091
062093
062096
062097
062102
062103
062104
062105
062106
062108
062110
062111
062112
062117
062120
062121
062122
062125
062126
062127
062128
062129
062130
062132
062133
062134
062135
062141
062144
062146
062150
062151
062152
062153
062155
062157
062160
062162
062163
062167
062169
062170
062175
062176
062177
062178
062179
062181
062182
062183
062184
062186
062189
062192
062193
062194
062195
062196
062199
062200
062202
062205
062206
062207
062208
062209
062211
062214
062215
062216
062221
062223
062224
062225
062226
062228
062229
062232
062235
062238
062239
062241
062242
062243
062244
062247
062248
062250
062251
062252
062256
062257
062261
062264
062266
062269
062271
062272
062273
062279
062280
062281
062282
062284
062287
062289
062290
062291
062292
062293
062296
062297
062298
062301
062303
062304
062305
062306
062307
062310
062312
062314
062316
062318
062322
062325
062327
062331
062333
062334
062335
062337
062338
062340
062342
062345
062346
062348
062352
062356
062357
062367
062369
062374
062375
062376
062377
062379
062380
062381
062383
062385
062389
062390
062391
062393
062395
062397
062401
062402
062404
062405
062406
062407
062408
062410
062416
062417
062420
062422
062424
062425
062427
062428
062436
062437
062438
062439
062441
062442
062443
062445
062447
062451
062452
062453
062454
062455
062458
062459
062464
062467
062469
062471
062472
062474
062478
062481
062484
062486
062488
062490
062491
062493
062495
062497
062498
062499
062500
062503
062506
062508
062509
062512
062514
062516
062517
062518
062520
062521
062522
062523
062526
062527
062530
062534
062536
062537
062538
062539
062541
062544
062545
062546
062547
062548
062551
062556
062559
062560
062561
062562
062563
062565
062566
062567
062569
062571
062572
062573
062574
062580
062582
062584
062585
062586
062587
062588
062589
062592
062593
062594
062596
062597
062599
062601
062603
062604
062605
062606
062609
062611
062613
062616
062617
062618
062619
062621
062622
062624
062625
062626
062628
062630
062631
062633
062635
062638
062639
062642
062645
062647
062653
062654
062655
062659
062661
062663
062666
062668
062669
062670
062671
062673
062675
062676
062677
062678
062679
062680
062681
062682
062684
062686
062688
062689
062690
062691
062692
062694
062696
062697
062698
062699
062700
062703
062704
062705
062706
062707
062708
062711
062715
062719
062720
062722
062724
062725
062726
062727
062729
062730
062732
062733
062734
062736
062739
062743
062745
062747
062748
062749
062751
062752
062753
062754
062755
062757
062759
062760
062761
062762
062765
062767
062768
062770
062771
062772
062774
062778
062779
062780
062782
062783
062784
062785
062788
062790
062791
062792
062800
062803
062807
062809
062810
062812
062813
062816
062817
062821
062823
062824
062827
062830
062835
062837
062838
062839
062840
062841
062842
062843
062845
062846
062848
062849
062850
062854
062855
062857
062858
062859
062860
062862
062866
062868
062869
062872
062873
062874
062875
062876
062877
062881
062882
062883
062886
062887
062888
062889
062891
062893
062896
062899
062901
062902
062904
062905
062907
062908
062909
062910
062911
062912
062913
062918
062919
062924
062925
062926
062929
062930
062934
062937
062939
062943
062949
062951
062953
062955
062956
062957
062960
062961
062963
062964
062965
062966
062970
062971
062972
062973
062975
062978
062979
062981
062982
062984
062986
062987
062988
062990
062991
062992
062994
062996
062999
063000
063002
063003
063004
063007
063008
063009
063011
063014
063016
063018
063019
063021
063025
063027
063031
063035
063036
063038
063041
063042
063043
063045
063046
063047
063049
063050
063051
063053
063054
063055
063056
063057
063058
063060
063061
063063
063064
063066
063067
063069
063070
063071
063074
063075
063079
063081
063083
063084
063085
063086
063087
063089
063090
063091
063094
063095
063096
063098
063107
063109
063110
063112
063115
063118
063121
063125
063128
063129
063131
063134
063136
063137
063139
063140
063141
063144
063145
063146
063147
063149
063150
063153
063155
063158
063160
063161
063168
063170
063171
063172
063175
063176
063177
063178
063181
063182
063183
063184
063186
063187
063188
063189
063190
063191
063192
063193
063195
063200
063201
063202
063203
063205
063208
063215
063216
063220
063221
063223
063227
063228
063230
063232
063233
063234
063238
063241
063243
063244
063245
063247
063250
063251
063252
063255
063260
063266
063268
063270
063271
063272
063277
063278
063279
063281
063283
063284
063287
063289
063290
063293
063294
063295
063297
063300
063301
063303
063304
063305
063307
063309
063310
063312
063314
063315
063322
063323
063325
063326
063329
063336
063338
063341
063344
063351
063352
063356
063357
063359
063360
063361
063363
063364
063365
063367
063368
063370
063371
063372
063377
063378
063379
063380
063381
063383
063384
063385
063386
063390
063393
063394
063397
063398
063399
063400
063403
063404
063406
063407
063409
063410
063412
063413
063417
063418
063419
063422
063423
063424
063426
063427
063431
063432
063434
063439
063442
063443
063445
063447
063448
063450
063452
063454
063456
063458
063460
063462
063465
063467
063470
063472
063474
063475
063477
063480
063481
063483
063484
063486
063488
063489
063491
063492
063493
063495
063496
063500
063503
063505
063506
063507
063508
063510
063512
063513
063515
063521
063522
063524
063525
063527
063529
063532
063533
063535
063537
063538
063540
063542
063543
063544
063546
063547
063548
063550
063553
063554
063558
063560
063562
063563
063570
063571
063572
063573
063574
063578
063579
063580
063587
063588
063590
063591
063592
063594
063599
063601
063605
063606
063609
063612
063613
063614
063615
063616
063617
063618
063620
063621
063622
063623
063624
063627
063628
063629
063631
063632
063633
063635
063636
063637
063638
063640
063642
063644
063647
063648
063651
063652
063653
063654
063656
063657
063658
063659
063660
063661
063663
063664
063667
063669
063670
063672
063673
063674
063677
063678
063679
063681
063684
063686
063687
063690
063697
063702
063703
063704
063705
063707
063709
063711
063713
063714
063715
063721
063723
063724
063726
063729
063730
063732
063734
063735
063736
063737
063738
063741
063744
063746
063747
063748
063749
063752
063754
063757
063759
063760
063762
063763
063766
063768
063770
063772
063773
063774
063776
063777
063778
063781
063782
063790
063791
063793
063794
063796
063797
063799
063800
063801
063802
063803
063805
063808
063810
063813
063814
063815
063816
063817
063818
063819
063821
063822
063825
063826
063827
063828
063829
063832
063834
063835
063837
063838
063840
063841
063845
063846
063849
063850
063851
063852
063854
063855
063857
063858
063859
063860
063865
063866
063868
063872
063873
063876
063880
063881
063882
063883
063884
063885
063886
063887
063888
063892
063893
063894
063895
063899
063900
063901
063903
063908
063909
063911
063912
063915
063917
063920
063921
063922
063923
063924
063926
063927
063929
063932
063933
063935
063936
063938
063944
063947
063949
063950
063952
063953
063954
063955
063958
063959
063961
063962
063963
063964
063966
063967
063970
063974
063975
063977
063979
063980
063981
063982
063983
063985
063988
063989
063990
063992
063993
063994
063995
063997
063998
064000
064002
064006
064009
064011
064013
064014
064019
064021
064023
064025
064028
064029
064031
064034
064035
064036
064037
064040
064041
064043
064044
064045
064046
064047
064048
064053
064055
064056
064057
064058
064061
064064
064065
064067
064068
064070
064071
064072
064073
064076
064077
064078
064079
064081
064084
064085
064089
064093
064098
064099
064100
064103
064104
064112
064116
064118
064119
064123
064124
064127
064130
064131
064132
064133
064134
064136
064140
064142
064143
064145
064146
064147
064155
064156
064157
064158
064160
064162
064164
064165
064170
064172
064173
064174
064177
064183
064189
064190
064193
064195
064196
064197
064198
064200
064203
064204
064205
064206
064208
064210
064211
064212
064214
064215
064216
064219
064221
064226
064227
064228
064230
064231
064232
064233
064235
064236
064237
064239
064240
064242
064243
064246
064249
064251
064252
064255
064257
064261
064262
064264
064270
064273
064275
064276
064277
064279
064280
064282
064285
064286
064288
064289
064291
064293
064294
064295
064297
064298
064301
064303
064305
064306
064312
064313
064314
064315
064316
064318
064320
064321
064322
064323
064324
064327
064329
064330
064331
064333
064334
064337
064338
064342
064344
064346
064348
064349
064351
064352
064353
064355
064357
064359
064360
064361
064362
064363
064364
064365
064369
064372
064374
064377
064378
064379
064381
064383
064384
064385
064386
064387
064388
064390
064392
064393
064396
064400
064401
064403
064404
064405
064406
064407
064408
064411
064415
064416
064417
064418
064424
064425
064426
064429
064430
064432
064433
064434
064435
064437
064438
064439
064443
064444
064449
064452
064453
064454
064456
064460
064461
064462
064463
064465
064467
064471
064480
064483
064484
064485
064486
064487
064488
064489
064492
064493
064494
064496
064500
064504
064505
064506
064508
064509
064510
064511
064512
064513
064514
064516
064517
064518
064519
064521
064522
064523
064525
064527
064529
064533
064535
064538
064540
064543
064547
064553
064556
064557
064558
064560
064563
064569
064571
064574
064575
064577
064580
064581
064582
064583
064585
064586
064587
064588
064590
064591
064593
064596
064597
064598
064601
064607
064608
064610
064617
064618
064620
064621
064622
064625
064626
064627
064630
064633
064634
064635
064638
064639
064641
064642
064643
064647
064649
064650
064652
064657
064658
064659
064663
064666
064668
064669
064670
064671
064672
064673
064674
064675
064676
064677
064678
064680
064682
064690
064693
064694
064696
064697
064698
064699
064700
064701
064702
064704
064706
064707
064708
064709
064712
064713
064714
064715
064719
064720
064721
064722
064723
064726
064732
064735
064736
064737
064738
064739
064740
064741
064743
064744
064746
064749
064752
064753
064756
064757
064758
064760
064762
064766
064768
064769
064770
064771
064772
064773
064775
064776
064777
064778
064779
064782
064784
064786
064787
064789
064792
064793
064794
064796
064797
064799
064800
064802
064803
064805
064806
064807
064809
064810
064812
064813
064817
064819
064820
064821
064822
064823
064825
064827
064828
064830
064832
064834
064837
064838
064839
064842
064846
064849
064850
064853
064854
064855
064857
064858
064861
064864
064867
064868
064869
064870
064871
064874
064875
064878
064879
064880
064883
064887
064888
064889
064892
064893
064895
064896
064898
064899
064901
064904
064906
064907
064909
064911
064912
064914
064915
064919
064920
064921
064923
064924
064925
064926
064930
064931
064935
064936
064939
064940
064941
064943
064948
064949
064951
064954
064958
064960
064961
064962
064963
064968
064970
064971
064975
064976
064977
064978
064979
064981
064982
064983
064985
064986
064989
064992
064997
064998
064999
065000
065005
065007
065010
065012
065013
065016
065017
065018
065021
065022
065023
065024
065025
065027
065029
065030
065034
065035
065038
065039
065040
065041
065044
065045
065047
065048
065049
065051
065053
065054
065055
065059
065063
065064
065065
065068
065072
065078
065080
065082
065083
065084
065085
065089
065090
065092
065093
065094
065100
065102
065103
065104
065105
065106
065109
065113
065114
065115
065116
065118
065119
065121
065123
065124
065125
065129
065132
065133
065134
065137
065138
065139
065142
065143
065145
065147
065149
065151
065155
065157
065158
065162
065163
065165
065166
065167
065169
065170
065171
065172
065173
065174
065175
065176
065178
065179
065183
065184
065185
065186
065190
065191
065192
065194
065195
065196
065198
065201
065203
065204
065205
065206
065210
065211
065216
065217
065218
065220
065224
065225
065230
065232
065233
065234
065236
065239
065241
065242
065247
065248
065249
065250
065251
065253
065256
065257
065262
065264
065265
065266
065267
065268
065269
065271
065273
065274
065275
065276
065278
065279
065280
065285
065287
065289
065290
065292
065294
065295
065296
065297
065299
065300
065301
065302
065306
065308
065309
065310
065313
065314
065317
065318
065319
065325
065326
065327
065329
065331
065333
065334
065335
065338
065339
065342
065346
065348
065349
065351
065352
065353
065354
065355
065356
065357
065358
065360
065361
065362
065365
065367
065369
065370
065371
065372
065374
065375
065376
065378
065381
065382
065384
065385
065388
065390
065393
065394
065395
065401
065403
065405
065407
065410
065412
065414
065415
065416
065419
065420
065421
065422
065424
065425
065426
065428
065429
065430
065431
065435
065436
065437
065438
065441
065443
065444
065446
065447
065448
065449
065451
065453
065454
065457
065459
065461
065462
065463
065464
065465
065466
065467
065469
065471
065472
065473
065474
065477
065478
065479
065481
065482
065483
065485
065487
065490
065493
065495
065497
065502
065503
065504
065511
065512
065515
065519
065520
065522
065523
065524
065526
065528
065529
065530
065531
065532
065533
065536
065539
065540
065543
065544
065546
065549
065555
065556
065558
065560
065562
065563
065564
065569
065571
065572
065574
065581
065582
065584
065588
065592
065593
065595
065596
065599
065600
065601
065602
065603
065604
065605
065612
065614
065618
065624
065628
065633
065636
065637
065639
065641
065642
065646
065647
065648
065650
065651
065652
065654
065658
065659
065660
065661
065662
065674
065679
065681
065683
065686
065687
065690
065691
065692
065693
065695
065697
065698
065700
065704
065705
065708
065710
065711
065713
065716
065717
065719
065720
065722
065724
065725
065726
065729
065732
065735
065737
065738
065739
065741
065743
065745
065746
065748
065749
065750
065752
065753
065756
065757
065758
065764
065766
065767
065772
065773
065774
065775
065780
065782
065783
065784
065785
065786
065789
065790
065792
065794
065795
065796
065797
065799
065804
065807
065808
065809
065811
065814
065816
065819
065820
065821
065822
065823
065824
065825
065826
065828
065829
065830
065831
065833
065834
065835
065836
065837
065838
065842
065843
065845
065847
065849
065850
065851
065853
065856
065857
065859
065860
065861
065862
065864
065866
065868
065873
065874
065877
065878
065882
065883
065885
065886
065889
065894
065899
065903
065905
065907
065908
065910
065915
065916
065917
065918
065919
065922
065925
065930
065931
065933
065935
065937
065938
065944
065945
065947
065948
065949
065950
065951
065952
065953
065954
065955
065957
065959
065962
065963
065968
065970
065973
065974
065977
065978
065981
065984
065985
065987
065988
065989
065991
065992
065993
065995
065996
065997
065998
066001
066002
066004
066005
066008
066009
066012
066013
066014
066015
066016
066017
066018
066020
066021
066024
066029
066030
066032
066034
066038
066039
066043
066044
066045
066048
066049
066050
066053
066055
066057
066061
066063
066064
066067
066068
066069
066071
066072
066075
066077
066079
066081
066082
066083
066086
066087
066089
066092
066095
066096
066097
066099
066102
066107
066108
066111
066112
066113
066114
066115
066116
066117
066119
066123
066124
066130
066131
066132
066136
066138
066139
066140
066142
066150
066151
066152
066155
066156
066157
066158
066159
066160
066162
066164
066166
066169
066170
066172
066174
066176
066177
066178
066180
066181
066182
066184
066187
066189
066192
066193
066194
066195
066198
066199
066201
066202
066205
066207
066208
066209
066210
066213
066215
066216
066222
066224
066225
066228
066232
066233
066235
066237
066238
066239
066242
066243
066245
066246
066247
066249
066253
066254
066255
066259
066260
066264
066265
066267
066270
066271
066273
066274
066276
066277
066279
066280
066281
066282
066283
066284
066285
066286
066288
066289
066292
066294
066296
066301
066302
066303
066309
066310
066311
066313
066314
066315
066317
066319
066320
066321
066322
066323
066324
066326
066327
066330
066334
066336
066338
066340
066342
066344
066346
066347
066348
066350
066352
066353
066355
066356
066358
066360
066362
066363
066365
066368
066369
066370
066371
066376
066378
066379
066383
066385
066386
066388
066389
066391
066392
066393
066394
066396
066397
066401
066403
066404
066407
066408
066410
066412
066414
066415
066416
066417
066422
066423
066425
066426
066427
066428
066430
066431
066432
066434
066435
066436
066437
066440
066442
066443
066444
066447
066448
066450
066451
066452
066455
066456
066460
066462
066465
066467
066468
066470
066471
066473
066474
066476
066477
066479
066480
066483
066484
066486
066489
066493
066498
066500
066503
066506
066511
066512
066513
066515
066516
066518
066519
066520
066521
066522
066523
066525
066526
066528
066531
066533
066537
066538
066542
066545
066550
066552
066553
066554
066555
066556
066558
066559
066565
066568
066571
066573
066574
066576
066577
066578
066582
066583
066584
066586
066587
066588
066590
066591
066592
066594
066597
066602
066603
066604
066605
066607
066608
066609
066610
066611
066612
066613
066615
066617
066619
066621
066622
066623
066625
066628
066629
066631
066632
066634
066636
066641
066642
066643
066644
066646
066647
066649
066652
066655
066656
066657
066659
066660
066663
066664
066665
066666
066669
066671
066672
066673
066674
066675
066681
066682
066688
066689
066691
066694
066696
066700
066701
066703
066704
066706
066708
066711
066714
066716
066719
066722
066723
066724
066726
066729
066734
066735
066736
066737
066738
066739
066742
066744
066745
066746
066750
066751
066752
066754
066755
066756
066757
066758
066761
066768
066770
066771
066772
066773
066774
066775
066779
066780
066782
066783
066787
066788
066789
066791
066792
066793
066795
066797
066802
066804
066807
066809
066810
066817
066818
066819
066820
066821
066823
066827
066828
066831
066832
066835
066836
066840
066845
066846
066847
066849
066850
066851
066852
066856
066857
066858
066859
066862
066864
066865
066866
066867
066868
066870
066871
066873
066874
066878
066881
066882
066883
066884
066885
066886
066887
066888
066889
066891
066895
066899
066901
066903
066904
066907
066908
066912
066913
066916
066917
066918
066919
066920
066925
066926
066928
066931
066932
066934
066936
066937
066938
066940
066942
066943
066944
066946
066947
066951
066952
066953
066954
066955
066956
066957
066964
066966
066967
066970
066971
066975
066977
066978
066979
066982
066983
066984
066985
066987
066989
066990
066991
066997
067000
067001
067006
067009
067010
067011
067013
067014
067016
067017
067019
067020
067023
067024
067025
067026
067028
067029
067030
067031
067036
067039
067040
067044
067045
067046
067047
067049
067052
067053
067055
067056
067057
067058
067060
067061
067062
067063
067066
067067
067069
067077
067080
067081
067084
067085
067086
067087
067090
067091
067092
067095
067097
067098
067100
067101
067102
067103
067107
067108
067111
067112
067114
067116
067118
067119
067120
067122
067123
067124
067126
067130
067132
067135
067144
067149
067150
067153
067155
067158
067160
067161
067163
067164
067166
067167
067168
067169
067170
067175
067176
067179
067180
067181
067182
067183
067187
067188
067189
067190
067191
067192
067193
067197
067199
067200
067201
067202
067205
067208
067212
067219
067220
067224
067225
067226
067228
067229
067230
067233
067235
067236
067244
067246
067247
067249
067252
067255
067261
067262
067266
067268
067269
067270
067273
067274
067276
067277
067279
067281
067285
067286
067287
067292
067293
067294
067295
067296
067297
067302
067304
067305
067306
067307
067309
067312
067313
067315
067316
067317
067318
067320
067323
067324
067325
067326
067327
067328
067329
067330
067334
067335
067338
067339
067340
067344
067346
067350
067351
067353
067354
067358
067359
067361
067362
067366
067370
067373
067374
067378
067381
067382
067383
067384
067394
067396
067398
067400
067401
067402
067403
067405
067408
067410
067412
067416
067417
067418
067420
067422
067424
067425
067426
067431
067433
067434
067435
067437
067440
067442
067443
067444
067445
067449
067452
067454
067456
067457
067459
067460
067461
067462
067463
067466
067468
067469
067470
067474
067475
067476
067477
067478
067480
067482
067484
067486
067487
067489
067491
067492
067493
067494
067495
067496
067502
067503
067507
067508
067510
067512
067514
067516
067518
067519
067520
067522
067523
067524
067525
067527
067529
067530
067534
067537
067538
067539
067540
067546
067549
067550
067552
067556
067559
067563
067564
067566
067568
067569
067570
067572
067573
067574
067575
067576
067578
067579
067580
067581
067589
067594
067595
067597
067600
067601
067603
067604
067605
067606
067607
067609
067611
067614
067617
067618
067620
067621
067622
067623
067624
067625
067627
067628
067630
067631
067632
067633
067635
067636
067637
067640
067642
067643
067644
067646
067648
067652
067654
067659
067662
067663
067665
067666
067667
067669
067671
067677
067678
067679
067681
067682
067684
067688
067689
067691
067695
067698
067699
067700
067701
067705
067707
067708
067710
067712
067719
067721
067722
067723
067724
067727
067730
067731
067732
067734
067735
067736
067738
067740
067744
067746
067750
067751
067752
067753
067756
067758
067763
067765
067766
067767
067768
067769
067770
067772
067774
067775
067777
067779
067780
067781
067782
067783
067784
067788
067789
067790
067791
067792
067795
067797
067802
067804
067806
067807
067808
067809
067812
067815
067816
067818
067825
067827
067829
067831
067833
067835
067836
067837
067838
067840
067841
067842
067845
067848
067850
067851
067853
067854
067856
067857
067858
067860
067861
067862
067866
067867
067868
067869
067871
067873
067874
067876
067877
067878
067879
067880
067881
067882
067884
067887
067888
067893
067894
067896
067897
067899
067900
067901
067904
067907
067909
067913
067916
067917
067918
067921
067922
067923
067925
067926
067929
067931
067932
067933
067934
067938
067942
067943
067944
067945
067946
067951
067953
067955
067956
067957
067960
067962
067964
067965
067966
067968
067969
067970
067972
067974
067975
067976
067979
067980
067985
067986
067989
067990
067994
067998
068001
068003
068004
068006
068009
068012
068014
068016
068017
068018
068020
068022
068023
068024
068027
068028
068029
068030
068031
068033
068037
068038
068041
068044
068047
068049
068050
068052
068054
068055
068057
068059
068060
068062
068063
068064
068069
068072
068077
068079
068080
068081
068082
068083
068084
068086
068088
068089
068090
068091
068092
068093
068095
068098
068101
068105
068106
068110
068116
068119
068122
068123
068126
068127
068128
068131
068135
068136
068137
068138
068139
068140
068141
068143
068146
068151
068152
068153
068155
068156
068159
068162
068163
068165
068166
068169
068170
068171
068173
068174
068176
068177
068178
068179
068180
068181
068182
068190
068192
068193
068195
068196
068197
068201
068203
068204
068206
068208
068209
068210
068211
068212
068213
068216
068217
068218
068220
068221
068222
068223
068225
068226
068227
068228
068232
068233
068234
068236
068238
068241
068243
068245
068246
068247
068249
068250
068251
068253
068255
068256
068259
068261
068262
068263
068266
068267
068271
068273
068275
068276
068277
068282
068283
068284
068285
068288
068289
068291
068293
068294
068295
068296
068297
068298
068299
068300
068301
068302
068309
068310
068312
068313
068314
068315
068316
068317
068318
068319
068321
068322
068328
068329
068331
068332
068333
068334
068335
068336
068338
068339
068340
068342
068343
068344
068347
068348
068349
068352
068353
068355
068357
068358
068359
068361
068365
068366
068368
068369
068370
068371
068372
068377
068378
068379
068384
068387
068388
068391
068392
068393
068395
068399
068403
068405
068409
068411
068415
068416
068417
068418
068421
068422
068424
068427
068428
068432
068434
068438
068439
068444
068445
068446
068448
068449
068453
068455
068457
068458
068459
068467
068468
068470
068471
068472
068474
068475
068476
068477
068478
068481
068482
068483
068485
068486
068487
068489
068490
068492
068494
068497
068498
068500
068501
068502
068506
068507
068508
068509
068510
068512
068513
068515
068516
068519
068521
068522
068524
068525
068526
068527
068528
068529
068530
068532
068533
068534
068536
068538
068539
068542
068545
068546
068548
068552
068554
068561
068563
068565
068567
068568
068569
068571
068573
068577
068578
068581
068583
068584
068585
068592
068596
068601
068607
068608
068609
068611
068614
068615
068616
068618
068619
068620
068623
068625
068628
068629
068630
068631
068633
068635
068636
068638
068641
068643
068644
068646
068648
068651
068652
068654
068655
068658
068660
068662
068670
068671
068674
068676
068677
068685
068686
068688
068693
068696
068701
068702
068704
068705
068707
068710
068711
068712
068713
068715
068717
068719
068721
068722
068724
068725
068726
068728
068730
068731
068737
068740
068744
068745
068750
068751
068752
068753
068754
068755
068761
068764
068766
068767
068768
068769
068772
068773
068775
068776
068777
068779
068783
068785
068786
068787
068788
068789
068790
068792
068793
068799
068801
068802
068804
068805
068807
068808
068814
068817
068819
068822
068823
068824
068826
068827
068828
068832
068833
068835
068836
068837
068838
068839
068840
068841
068842
068843
068845
068846
068847
068849
068850
068852
068853
068854
068856
068857
068859
068860
068863
068866
068868
068869
068870
068871
068872
068874
068875
068878
068880
068884
068885
068888
068890
068892
068898
068899
068901
068902
068903
068904
068905
068906
068907
068908
068909
068910
068912
068914
068915
068917
068918
068920
068925
068927
068929
068931
068933
068935
068936
068947
068949
068950
068952
068954
068957
068962
068965
068967
068970
068971
068972
068974
068976
068977
068979
068982
068983
068984
068988
068991
068992
068993
068996
068998
068999
069000
069001
069003
069004
069005
069008
069009
069010
069012
069014
069017
069019
069021
069022
069023
069024
069025
069027
069030
069031
069033
069035
069037
069040
069042
069043
069044
069046
069051
069052
069055
069056
069058
069059
069063
069069
069071
069073
069074
069075
069077
069082
069084
069085
069086
069089
069090
069092
069093
069096
069097
069099
069100
069102
069104
069106
069107
069109
069110
069112
069113
069117
069119
069120
069121
069122
069123
069124
069126
069129
069130
069131
069132
069133
069134
069136
069138
069139
069141
069142
069145
069147
069148
069152
069154
069155
069156
069157
069160
069162
069163
069164
069166
069167
069168
069170
069172
069175
069176
069179
069184
069185
069187
069188
069189
069190
069191
069194
069197
069198
069202
069203
069205
069207
069208
069209
069211
069212
069213
069214
069217
069219
069223
069225
069226
069227
069229
069230
069231
069233
069234
069239
069240
069244
069245
069248
069249
069250
069258
069260
069265
069266
069267
069269
069271
069275
069276
069277
069278
069281
069283
069284
069285
069286
069288
069294
069298
069299
069300
069302
069304
069307
069310
069311
069312
069313
069314
069317
069319
069322
069323
069324
069325
069326
069327
069328
069334
069338
069339
069340
069341
069344
069345
069346
069347
069348
069349
069355
069356
069357
069358
069359
069360
069361
069363
069368
069372
069373
069375
069376
069377
069379
069380
069381
069382
069383
069384
069385
069387
069389
069390
069397
069400
069401
069403
069404
069405
069406
069407
069409
069411
069413
069417
069418
069419
069422
069423
069426
069428
069429
069431
069434
069436
069437
069438
069439
069440
069441
069445
069446
069447
069449
069450
069451
069455
069458
069459
069461
069463
069464
069466
069467
069470
069472
069473
069474
069475
069477
069480
069481
069482
069484
069485
069488
069491
069492
069493
069494
069496
069501
069503
069504
069505
069507
069508
069509
069510
069512
069513
069515
069516
069521
069522
069523
069527
069529
069530
069531
069532
069533
069534
069538
069539
069541
069543
069545
069546
069550
069551
069554
069556
069558
069560
069561
069562
069563
069565
069566
069567
069568
069570
069574
069576
069577
069578
069582
069583
069584
069585
069589
069591
069596
069599
069600
069602
069603
069604
069607
069608
069609
069610
069612
069613
069614
069615
069619
069622
069624
069625
069627
069628
069629
069630
069633
069637
069639
069643
069646
069647
069648
069650
069653
069659
069663
069666
069667
069670
069672
069673
069675
069676
069677
069678
069679
069684
069686
069688
069689
069691
069692
069693
069694
069696
069698
069699
069700
069702
069703
069705
069708
069710
069711
069712
069713
069715
069717
069719
069721
069722
069723
069724
069727
069728
069729
069730
069731
069732
069735
069736
069740
069741
069742
069745
069746
069747
069749
069752
069753
069754
069756
069757
069758
069759
069760
069763
069766
069767
069773
069774
069775
069777
069778
069779
069783
069784
069785
069787
069788
069790
069791
069792
069793
069795
069797
069798
069799
069801
069803
069804
069806
069807
069808
069809
069810
069811
069814
069816
069817
069818
069822
069823
069824
069825
069826
069828
069829
069830
069832
069833
069834
069835
069840
069841
069844
069848
069849
069851
069852
069853
069854
069855
069858
069859
069860
069862
069864
069866
069869
069871
069873
069874
069875
069876
069878
069879
069881
069882
069884
069885
069887
069890
069891
069892
069893
069895
069898
069899
069900
069901
069903
069906
069908
069909
069910
069911
069912
069920
069923
069924
069925
069927
069928
069931
069934
069935
069936
069937
069940
069942
069943
069944
069945
069949
069950
069952
069955
069956
069958
069959
069961
069962
069965
069967
069968
069970
069971
069973
069974
069975
069980
069981
069982
069983
069984
069986
069989
069991
069996
069997
069998
070001
070003
070008
070009
070010
070011
070017
070021
070022
070023
070029
070030
070032
070033
070037
070038
070039
070040
070041
070043
070045
070046
070048
070051
070052
070054
070056
070057
070058
070062
070063
070064
070066
070068
070069
070070
070072
070075
070076
070077
070079
070081
070084
070086
070087
070090
070091
070095
070096
070098
070099
070102
070105
070106
070107
070110
070113
070115
070116
070119
070120
070127
070131
070132
070136
070137
070138
070140
070142
070143
070144
070145
070146
070148
070149
070150
070152
070154
070155
070157
070158
070159
070162
070164
070165
070166
070168
070169
070170
070174
070178
070180
070181
070182
070185
070187
070188
070193
070194
070196
070197
070198
070202
070203
070204
070206
070207
070210
070213
070215
070222
070224
070225
070226
070228
070229
070230
070231
070232
070233
070234
070235
070238
070240
070241
070244
070246
070248
070249
070255
070256
070258
070260
070261
070264
070272
070273
070275
070276
070277
070281
070282
070284
070285
070287
070290
070291
070298
070300
070301
070302
070304
070306
070307
070311
070312
070314
070316
070317
070321
070323
070326
070327
070328
070332
070334
070335
070337
070339
070340
070341
070342
070344
070350
070353
070355
070357
070360
070361
070362
070363
070367
070368
070370
070371
070372
070375
070381
070382
070385
070386
070387
070388
070389
070390
070391
070395
070396
070399
070401
070402
070403
070404
070406
070407
070408
070409
070417
070418
070419
070420
070421
070423
070425
070426
070428
070429
070431
070435
070437
070438
070439
070441
070442
070444
070450
070452
070455
070457
070459
070465
070468
070470
070474
070477
070479
070480
070481
070483
070484
070485
070487
070488
070489
070490
070492
070493
070495
070497
070498
070500
070502
070504
070505
070506
070511
070513
070515
070522
070523
070525
070527
070530
070532
070533
070536
070538
070541
070543
070545
070548
070552
070553
070554
070558
070559
070563
070568
070570
070571
070574
070575
070576
070577
070579
070580
070581
070583
070584
070585
070586
070588
070593
070594
070598
070599
070601
070602
070604
070605
070606
070609
070610
070611
070613
070614
070615
070616
070618
070619
070620
070621
070622
070623
070624
070627
070628
070629
070630
070631
070634
070635
070636
070640
070644
070650
070653
070654
070656
070659
070660
070661
070663
070664
070665
070666
070667
070670
070671
070674
070676
070677
070679
070683
070684
070685
070686
070688
070689
070691
070696
070697
070699
070703
070705
070706
070708
070710
070711
070712
070713
070714
070716
070717
070719
070720
070722
070724
070725
070726
070727
070728
070729
070730
070731
070732
070738
070740
070744
070745
070746
070748
070749
070750
070752
070756
070757
070760
070764
070765
070766
070767
070769
070770
070772
070773
070775
070777
070778
070781
070782
070783
070784
070785
070786
070787
070792
070793
070795
070796
070798
070799
070802
070805
070806
070809
070810
070811
070814
070815
070816
070817
070818
070819
070821
070822
070823
070824
070826
070827
070829
070830
070831
070835
070838
070839
070842
070843
070845
070847
070848
070851
070853
070854
070855
070857
070861
070862
070868
070869
070871
070872
070875
070876
070877
070878
070882
070883
070886
070889
070893
070894
070895
070897
070898
070901
070903
070905
070906
070909
070910
070911
070912
070913
070914
070915
070918
070919
070920
070925
070927
070928
070929
070932
070935
070937
070938
070939
070940
070941
070942
070943
070944
070945
070947
070951
070953
070955
070957
070958
070959
070960
070964
070968
070969
070975
070977
070978
070987
070988
070989
070990
070994
070995
070996
070997
070998
070999
071000
071002
071004
071005
071008
071010
071012
071013
071017
071024
071026
071029
071030
071031
071032
071033
071035
071037
071038
071039
071040
071041
071042
071043
071047
071049
071050
071051
071053
071054
071056
071057
071058
071059
071062
071063
071067
071068
071069
071073
071075
071076
071077
071080
071081
071084
071090
071092
071094
071095
071096
071098
071100
071101
071103
071104
071105
071107
071108
071109
071110
071113
071116
071117
071119
071121
071122
071123
071124
071126
071128
071129
071130
071131
071134
071137
071138
071139
071141
071142
071146
071148
071150
071151
071153
071155
071156
071158
071159
071160
071161
071163
071164
071165
071167
071170
071171
071172
071173
071175
071176
071177
071178
071179
071182
071189
071192
071194
071200
071203
071205
071207
071208
071209
071212
071213
071214
071215
071216
071218
071219
071221
071224
071225
071231
071232
071236
071237
071238
071239
071240
071241
071242
071244
071246
071250
071252
071253
071254
071255
071258
071259
071263
071264
071267
071268
071269
071271
071273
071275
071276
071278
071279
071280
071281
071284
071285
071288
071290
071292
071294
071295
071296
071297
071298
071300
071303
071304
071305
071310
071311
071313
071316
071318
071321
071323
071324
071325
071329
071331
071334
071335
071338
071339
071341
071347
071348
071349
071352
071353
071354
071355
071358
071360
071362
071363
071369
071372
071373
071374
071376
071378
071381
071384
071385
071386
071389
071390
071391
071393
071395
071397
071400
071401
071402
071404
071405
071406
071407
071408
071411
071413
071414
071416
071418
071421
071423
071424
071425
071426
071428
071429
071430
071431
071435
071438
071442
071443
071448
071450
071452
071453
071455
071461
071462
071463
071465
071468
071469
071470
071472
071475
071477
071478
071479
071483
071484
071487
071489
071490
071491
071492
071493
071495
071497
071499
071500
071501
071502
071503
071504
071505
071510
071511
071512
071513
071515
071516
071517
071520
071521
071522
071523
071525
071526
071527
071528
071529
071530
071531
071533
071534
071538
071539
071541
071543
071546
071548
071549
071551
071554
071556
071558
071559
071563
071569
071571
071572
071575
071576
071577
071579
071580
071587
071589
071590
071592
071593
071597
071598
071601
071603
071604
071607
071609
071611
071612
071613
071614
071615
071616
071623
071624
071625
071629
071635
071636
071637
071638
071641
071644
071646
071650
071652
071653
071654
071656
071657
071658
071659
071664
071667
071668
071670
071673
071674
071675
071677
071678
071682
071685
071687
071688
071692
071694
071695
071696
071697
071699
071700
071702
071703
071706
071707
071709
071710
071712
071717
071718
071719
071721
071722
071724
071725
071726
071727
071728
071730
071731
071733
071736
071737
071738
071739
071740
071741
071743
071744
071747
071748
071749
071752
071754
071755
071757
071759
071760
071761
071762
071763
071764
071766
071767
071769
071771
071774
071775
071776
071777
071783
071784
071785
071788
071791
071793
071795
071796
071798
071799
071801
071804
071809
071812
071814
071815
071817
071818
071820
071821
071822
071823
071824
071825
071827
071828
071830
071831
071835
071836
071840
071841
071842
071843
071846
071851
071853
071854
071856
071858
071859
071861
071863
071864
071865
071867
071869
071871
071872
071874
071876
071878
071879
071882
071883
071885
071886
071887
071888
071889
071892
071893
071894
071900
071901
071906
071908
071909
071912
071913
071916
071917
071918
071921
071922
071923
071924
071926
071927
071928
071929
071933
071934
071935
071936
071938
071939
071941
071943
071945
071947
071949
071950
071951
071953
071956
071957
071958
071959
071961
071963
071964
071966
071967
071968
071969
071970
071971
071972
071976
071978
071979
071980
071981
071983
071984
071986
071987
071992
071993
071999
072002
072005
072009
072010
072014
072016
072017
072018
072019
072020
072021
072022
072027
072028
072030
072032
072036
072039
072040
072042
072051
072052
072053
072054
072057
072058
072059
072062
072063
072065
072067
072068
072069
072074
072075
072077
072078
072081
072082
072085
072086
072088
072089
072090
072091
072092
072093
072094
072097
072098
072100
072102
072103
072108
072111
072112
072113
072114
072115
072117
072119
072123
072129
072132
072137
072138
072139
072141
072142
072144
072146
072147
072149
072150
072151
072153
072154
072155
072156
072157
072158
072160
072161
072162
072164
072167
072168
072172
072173
072176
072178
072179
072183
072185
072189
072191
072192
072195
072198
072200
072201
072204
072205
072207
072209
072210
072211
072212
072215
072216
072217
072218
072221
072222
072225
072226
072227
072228
072229
072230
072231
072232
072233
072234
072235
072236
072239
072243
072244
072246
072247
072252
072253
072255
072256
072258
072259
072260
072261
072262
072263
072266
072268
072269
072271
072273
072274
072275
072276
072277
072279
072280
072281
072282
072287
072288
072292
072293
072294
072295
072299
072300
072302
072304
072305
072308
072313
072315
072316
072319
072321
072324
072327
072330
072332
072334
072340
072341
072343
072344
072345
072346
072347
072350
072352
072355
072356
072360
072364
072366
072367
072369
072370
072371
072373
072377
072378
072379
072381
072383
072386
072389
072391
072392
072394
072396
072397
072400
072402
072403
072404
072408
072409
072410
072411
072412
072413
072416
072417
072418
072422
072423
072426
072428
072429
072435
072438
072440
072441
072446
072448
072450
072451
072452
072453
072454
072455
072456
072458
072461
072462
072463
072464
072466
072467
072469
072472
072473
072477
072478
072480
072481
072482
072485
072486
072489
072490
072491
072493
072494
072497
072498
072499
072502
072507
072509
072510
072511
072517
072520
072522
072523
072526
072528
072530
072532
072533
072535
072540
072541
072543
072544
072546
072548
072549
072550
072551
072552
072553
072555
072560
072561
072562
072565
072567
072568
072573
072574
072580
072581
072583
072584
072585
072586
072587
072590
072591
072595
072596
072597
072601
072602
072604
072605
072606
072610
072611
072613
072614
072616
072617
072620
072621
072624
072625
072628
072629
072630
072632
072633
072636
072637
072638
072639
072640
072641
072642
072644
072646
072649
072650
072652
072653
072654
072656
072659
072660
072661
072662
072664
072665
072666
072667
072670
072672
072674
072675
072678
072679
072680
072682
072683
072684
072685
072693
072696
072699
072703
072704
072705
072707
072708
072710
072712
072716
072720
072722
072724
072725
072727
072728
072729
072731
072733
072734
072736
072739
072740
072744
072751
072753
072754
072755
072758
072759
072760
072762
072763
072764
072766
072767
072769
072770
072771
072773
072774
072775
072776
072777
072778
072781
072784
072785
072788
072790
072792
072793
072797
072801
072805
072806
072808
072809
072811
072812
072813
072814
072816
072817
072819
072820
072822
072823
072825
072832
072833
072834
072835
072836
072838
072839
072840
072841
072842
072844
072845
072849
072851
072852
072853
072854
072859
072862
072863
072864
072865
072869
072870
072871
072872
072873
072874
072877
072880
072881
072884
072885
072887
072888
072891
072892
072893
072894
072897
072898
072901
072902
072904
072905
072906
072908
072909
072910
072913
072915
072916
072918
072919
072925
072926
072932
072934
072935
072938
072940
072941
072943
072945
072946
072948
072949
072951
072955
072957
072958
072961
072963
072964
072966
072967
072968
072970
072971
072977
072979
072980
072982
072983
072984
072985
072986
072987
072992
072994
072995
072996
073001
073002
073004
073006
073007
073008
073010
073012
073013
073014
073015
073019
073020
073023
073024
073025
073026
073027
073028
073029
073033
073036
073037
073038
073039
073043
073044
073046
073048
073050
073051
073052
073053
073056
073058
073062
073064
073065
073066
073067
073068
073069
073071
073072
073074
073076
073077
073079
073084
073085
073087
073090
073094
073096
073097
073099
073100
073103
073106
073107
073109
073111
073116
073117
073118
073120
073122
073128
073130
073131
073135
073136
073138
073139
073141
073142
073146
073147
073149
073151
073152
073153
073154
073155
073156
073157
073159
073160
073161
073162
073164
073165
073168
073170
073172
073176
073178
073179
073180
073182
073187
073190
073191
073193
073194
073196
073197
073198
073200
073201
073203
073205
073206
073212
073213
073215
073219
073220
073225
073227
073228
073229
073232
073233
073237
073238
073239
073240
073243
073244
073246
073247
073248
073250
073251
073252
073254
073255
073258
073259
073262
073264
073266
073269
073270
073273
073275
073277
073279
073281
073282
073284
073285
073286
073287
073289
073291
073292
073295
073299
073300
073301
073302
073303
073306
073307
073311
073312
073316
073318
073320
073321
073322
073323
073326
073327
073328
073330
073332
073334
073336
073337
073338
073339
073340
073343
073344
073346
073351
073353
073356
073357
073358
073364
073365
073369
073370
073371
073373
073374
073375
073376
073377
073385
073386
073388
073390
073392
073397
073398
073399
073402
073404
073408
073410
073414
073415
073417
073418
073419
073421
073422
073423
073424
073426
073427
073428
073430
073431
073432
073436
073438
073442
073443
073444
073448
073453
073454
073455
073456
073457
073458
073459
073461
073462
073464
073466
073468
073469
073472
073474
073475
073480
073482
073483
073484
073487
073488
073489
073491
073493
073494
073495
073496
073497
073499
073502
073503
073505
073509
073512
073513
073514
073515
073516
073518
073521
073523
073524
073526
073528
073530
073531
073532
073533
073536
073537
073538
073540
073545
073548
073549
073553
073555
073557
073559
073563
073564
073567
073568
073570
073573
073574
073575
073577
073579
073585
073588
073590
073591
073592
073593
073594
073595
073600
073602
073605
073609
073611
073615
073616
073617
073619
073622
073623
073626
073627
073629
073630
073631
073632
073635
073637
073640
073642
073643
073645
073646
073647
073650
073653
073654
073655
073656
073657
073659
073660
073661
073662
073664
073666
073667
073668
073672
073673
073674
073675
073676
073677
073678
073679
073680
073682
073683
073686
073687
073688
073689
073690
073691
073697
073700
073701
073702
073705
073706
073708
073709
073711
073712
073714
073717
073718
073720
073722
073723
073724
073725
073730
073731
073736
073738
073739
073740
073742
073743
073746
073749
073751
073752
073756
073757
073760
073762
073763
073764
073768
073770
073773
073774
073775
073777
073778
073779
073780
073782
073784
073785
073786
073787
073788
073789
073792
073793
073795
073796
073799
073801
073802
073804
073805
073809
073811
073812
073816
073819
073820
073822
073824
073828
073837
073838
073840
073841
073844
073845
073846
073847
073848
073850
073852
073853
073854
073859
073860
073861
073862
073863
073864
073866
073867
073868
073869
073870
073872
073875
073877
073878
073879
073880
073883
073886
073888
073890
073891
073892
073893
073895
073896
073897
073898
073899
073900
073901
073902
073904
073907
073908
073909
073911
073912
073917
073918
073920
073921
073923
073924
073926
073929
073931
073935
073936
073940
073941
073942
073943
073944
073945
073946
073947
073949
073952
073958
073960
073963
073966
073968
073969
073970
073971
073973
073974
073977
073981
073982
073983
073985
073989
073990
073993
073994
073996
073997
074000
074002
074005
074010
074011
074012
074014
074018
074019
074021
074023
074025
074026
074028
074029
074030
074031
074034
074035
074037
074040
074041
074043
074044
074045
074046
074047
074048
074049
074050
074053
074054
074055
074057
074059
074061
074063
074064
074069
074070
074072
074076
074078
074081
074085
074086
074087
074089
074090
074095
074102
074105
074106
074107
074109
074110
074112
074116
074119
074120
074123
074124
074125
074128
074130
074132
074136
074137
074138
074139
074141
074142
074143
074144
074145
074147
074148
074149
074150
074153
074157
074163
074164
074167
074168
074169
074170
074172
074173
074175
074176
074179
074180
074182
074183
074184
074186
074187
074188
074191
074192
074194
074195
074199
074201
074203
074208
074209
074210
074211
074212
074214
074216
074217
074218
074219
074220
074222
074228
074230
074231
074232
074234
074236
074237
074238
074243
074244
074245
074247
074249
074250
074251
074253
074254
074256
074257
074258
074259
074263
074264
074268
074271
074272
074273
074274
074275
074277
074279
074280
074281
074282
074283
074285
074289
074291
074293
074296
074297
074298
074299
074301
074304
074305
074306
074307
074308
074311
074312
074313
074315
074318
074319
074322
074325
074326
074328
074332
074333
074335
074336
074338
074341
074344
074345
074348
074350
074352
074355
074356
074361
074363
074367
074368
074369
074370
074372
074374
074375
074377
074378
074379
074380
074382
074383
074384
074385
074386
074387
074388
074389
074390
074391
074392
074394
074396
074397
074399
074401
074408
074409
074410
074412
074414
074416
074418
074421
074423
074424
074425
074427
074429
074431
074432
074433
074435
074436
074437
074438
074441
074446
074449
074450
074451
074453
074454
074456
074457
074461
074462
074463
074464
074466
074467
074468
074471
074473
074475
074476
074477
074480
074484
074485
074487
074488
074490
074491
074492
074493
074500
074501
074502
074503
074504
074506
074507
074509
074510
074512
074513
074515
074516
074517
074518
074524
074525
074526
074528
074530
074531
074534
074539
074542
074543
074548
074551
074554
074555
074556
074557
074558
074559
074560
074561
074563
074565
074566
074571
074573
074575
074576
074577
074578
074579
074581
074582
074584
074588
074593
074594
074595
074596
074597
074599
074601
074602
074610
074611
074612
074613
074614
074615
074620
074621
074622
074624
074625
074628
074631
074632
074633
074634
074635
074637
074640
074641
074642
074643
074647
074648
074649
074653
074654
074656
074659
074660
074663
074665
074666
074667
074668
074671
074672
074673
074674
074675
074676
074677
074680
074681
074683
074685
074688
074690
074692
074693
074695
074697
074698
074700
074703
074707
074708
074709
074712
074713
074716
074717
074718
074722
074723
074726
074727
074728
074729
074732
074733
074734
074740
074741
074743
074745
074746
074747
074751
074752
074755
074756
074757
074758
074759
074760
074761
074762
074763
074764
074765
074768
074769
074770
074772
074773
074774
074778
074779
074780
074781
074783
074784
074786
074788
074789
074790
074792
074793
074794
074798
074802
074803
074804
074806
074807
074808
074811
074814
074815
074816
074818
074819
074820
074821
074824
074826
074827
074828
074829
074831
074833
074834
074838
074839
074841
074842
074843
074845
074846
074847
074848
074849
074850
074851
074853
074856
074857
074862
074863
074866
074867
074868
074869
074871
074875
074876
074877
074878
074879
074881
074884
074886
074888
074890
074891
074896
074897
074898
074900
074902
074905
074906
074908
074909
074911
074912
074916
074917
074918
074919
074920
074921
074923
074924
074925
074926
074927
074928
074929
074930
074931
074932
074933
074936
074942
074944
074945
074947
074948
074949
074953
074955
074961
074963
074966
074967
074968
074969
074971
074977
074980
074981
074983
074987
074989
074990
074991
074994
074996
074997
074998
074999
075000
075002
075004
075005
075006
075007
075012
075013
075015
075016
075018
075023
075024
075028
075029
075030
075033
075036
075037
075039
075040
075044
075046
075047
075049
075050
075051
075052
075054
075059
075060
075061
075062
075063
075064
075065
075066
075067
075068
075069
075070
075071
075072
075073
075074
075076
075077
075078
075080
075081
075083
075084
075086
075089
075090
075092
075095
075100
075101
075103
075104
075109
075110
075111
075113
075115
075116
075117
075119
075123
075124
075125
075129
075130
075132
075133
075134
075136
075137
075138
075139
075140
075144
075146
075148
075149
075151
075152
075156
075157
075159
075161
075162
075164
075168
075169
075170
075171
075172
075174
075177
075179
075180
075181
075183
075185
075186
075187
075189
075190
075191
075194
075195
075196
075197
075198
075200
075202
075203
075204
075208
075212
075213
075217
075218
075219
075220
075221
075223
075224
075227
075228
075229
075232
075235
075236
075240
075241
075244
075245
075246
075247
075249
075252
075255
075258
075260
075262
075263
075264
075266
075267
075269
075270
075273
075274
075275
075276
075277
075280
075282
075283
075284
075286
075290
075292
075294
075295
075296
075297
075299
075300
075302
075304
075306
075310
075312
075313
075315
075316
075317
075319
075320
075324
075325
075326
075327
075328
075329
075330
075331
075334
075335
075336
075337
075344
075347
075348
075349
075350
075351
075354
075357
075360
075361
075365
075367
075368
075369
075370
075374
075375
075376
075377
075378
075379
075380
075384
075385
075386
075387
075388
075392
075393
075394
075397
075399
075401
075402
075403
075404
075405
075408
075409
075412
075414
075415
075416
075417
075419
075420
075421
075422
075424
075432
075433
075434
075435
075436
075437
075439
075441
075442
075443
075445
075449
075450
075451
075453
075455
075456
075459
075461
075462
075464
075466
075467
075472
075473
075475
075477
075478
075481
075482
075483
075486
075487
075488
075490
075491
075492
075494
075495
075497
075499
075500
075501
075505
075507
075508
075509
075511
075512
075514
075515
075516
075517
075519
075520
075521
075522
075523
075524
075525
075526
075528
075529
075531
075532
075534
075535
075536
075538
075540
075541
075542
075543
075544
075545
075550
075551
075552
075554
075555
075558
075559
075561
075562
075563
075568
075569
075572
075575
075576
075579
075580
075582
075584
075586
075588
075589
075590
075593
075594
075596
075598
075600
075601
075604
075606
075607
075608
075612
075616
075618
075619
075620
075624
075625
075628
075629
075630
075631
075632
075635
075637
075640
075641
075644
075647
075650
075651
075652
075653
075654
075656
075657
075659
075661
075664
075668
075669
075670
075672
075673
075681
075683
075684
075688
075689
075690
075693
075694
075696
075697
075698
075699
075701
075702
075703
075704
075707
075709
075710
075711
075712
075714
075715
075716
075717
075720
075724
075726
075729
075730
075731
075733
075734
075735
075736
075737
075738
075739
075741
075742
075743
075744
075746
075749
075750
075751
075752
075753
075754
075758
075759
075762
075764
075765
075766
075767
075768
075770
075771
075772
075774
075776
075778
075789
075790
075792
075795
075796
075799
075807
075808
075809
075811
075812
075813
075817
075818
075819
075823
075827
075828
075831
075835
075836
075837
075838
075839
075840
075841
075842
075843
075847
075849
075850
075852
075853
075857
075858
075860
075862
075863
075864
075869
075870
075873
075877
075878
075880
075882
075883
075884
075887
075888
075890
075891
075894
075899
075901
075904
075905
075910
075912
075914
075917
075919
075922
075923
075924
075927
075929
075930
075931
075933
075938
075940
075941
075944
075945
075947
075948
075950
075951
075955
075956
075957
075958
075959
075961
075962
075964
075966
075968
075970
075973
075975
075976
075979
075981
075984
075985
075986
075988
075989
075990
075991
075992
075993
075994
075998
076001
076002
076003
076004
076005
076007
076009
076013
076015
076016
076017
076019
076020
076026
076028
076030
076031
076032
076034
076036
076039
076040
076041
076042
076043
076044
076045
076046
076047
076048
076051
076053
076060
076061
076063
076065
076066
076067
076068
076069
076073
076079
076082
076083
076084
076087
076088
076089
076093
076094
076096
076099
076101
076102
076103
076104
076106
076109
076110
076111
076113
076114
076115
076116
076117
076119
076120
076122
076123
076125
076126
076130
076131
076132
076133
076134
076137
076139
076141
076142
076143
076146
076149
076150
076152
076154
076155
076156
076157
076158
076160
076163
076164
076165
076168
076171
076173
076175
076181
076183
076185
076188
076191
076192
076194
076196
076198
076201
076202
076203
076204
076206
076207
076210
076211
076212
076213
076214
076218
076219
076220
076221
076222
076224
076232
076234
076240
076242
076243
076244
076245
076247
076248
076249
076252
076253
076256
076257
076260
076262
076263
076267
076269
076271
076272
076273
076274
076276
076278
076280
076284
076287
076288
076290
076298
076299
076300
076301
076304
076308
076311
076313
076314
076315
076318
076319
076320
076325
076326
076330
076334
076336
076338
076339
076340
076342
076345
076348
076349
076350
076351
076352
076353
076358
076360
076361
076362
076363
076366
076367
076368
076373
076374
076375
076378
076379
076380
076381
076384
076385
076386
076388
076389
076394
076395
076396
076398
076400
076402
076404
076405
076406
076410
076415
076416
076417
076424
076425
076430
076432
076433
076434
076435
076436
076437
076438
076439
076440
076446
076449
076451
076454
076455
076457
076460
076461
076465
076467
076468
076471
076472
076477
076479
076480
076482
076485
076490
076491
076492
076495
076498
076499
076501
076503
076504
076506
076507
076508
076510
076511
076512
076513
076515
076516
076517
076519
076523
076524
076526
076527
076528
076533
076536
076537
076539
076540
076541
076542
076545
076546
076547
076548
076552
076553
076554
076555
076558
076560
076561
076565
076568
076569
076570
076571
076572
076576
076577
076578
076580
076583
076584
076585
076586
076589
076590
076591
076595
076596
076604
076605
076606
076608
076609
076611
076615
076616
076617
076618
076620
076621
076622
076626
076627
076630
076631
076632
076635
076636
076638
076642
076643
076644
076645
076646
076648
076649
076650
076651
076657
076659
076662
076663
076665
076667
076668
076669
076672
076675
076676
076677
076679
076680
076681
076683
076684
076685
076686
076688
076689
076694
076696
076697
076698
076699
076700
076701
076702
076704
076705
076706
076707
076709
076710
076712
076714
076715
076716
076719
076720
076721
076722
076723
076725
076726
076727
076728
076729
076731
076732
076733
076734
076740
076741
076742
076744
076745
076746
076748
076749
076752
076756
076757
076758
076759
076760
076761
076763
076764
076766
076769
076770
076773
076774
076776
076778
076779
076780
076785
076786
076787
076790
076791
076792
076793
076795
076796
076797
076798
076800
076801
076803
076804
076806
076807
076812
076813
076814
076815
076820
076821
076822
076824
076825
076826
076827
076828
076829
076830
076832
076833
076834
076836
076838
076841
076842
076844
076847
076848
076851
076854
076858
076860
076863
076864
076867
076870
076872
076875
076881
076882
076884
076885
076886
076887
076891
076898
076899
076901
076907
076908
076909
076910
076912
076913
076915
076916
076920
076921
076923
076931
076932
076933
076934
076942
076944
076945
076951
076952
076953
076956
076959
076965
076966
076967
076968
076969
076976
076982
076983
076985
076986
076987
076989
076991
076993
076994
077000
077004
077005
077006
077007
077008
077010
077011
077013
077015
077016
077019
077021
077022
077023
077024
077027
077029
077030
077031
077032
077033
077035
077037
077039
077040
077046
077047
077048
077049
077050
077054
077055
077056
077057
077059
077061
077062
077063
077065
077066
077067
077069
077070
077071
077073
077074
077075
077077
077079
077081
077083
077084
077085
077087
077088
077089
077090
077091
077094
077095
077099
077101
077102
077105
077106
077108
077110
077111
077113
077116
077117
077119
077120
077121
077124
077127
077129
077131
077132
077133
077135
077138
077139
077140
077141
077143
077146
077149
077150
077153
077154
077155
077157
077158
077159
077162
077164
077165
077167
077169
077170
077171
077173
077175
077176
077177
077178
077179
077180
077181
077182
077183
077184
077186
077187
077188
077190
077192
077195
077196
077197
077199
077200
077201
077202
077204
077206
077207
077210
077211
077212
077213
077214
077217
077220
077223
077224
077228
077229
077231
077233
077234
077235
077238
077245
077246
077247
077250
077255
077257
077259
077260
077262
077263
077264
077265
077266
077269
077270
077271
077275
077276
077277
077278
077280
077284
077285
077286
077287
077289
077290
077291
077293
077294
077296
077297
077299
077300
077303
077304
077305
077307
077309
077311
077312
077316
077317
077319
077320
077323
077327
077329
077331
077332
077333
077337
077342
077343
077348
077349
077350
077351
077352
077354
077356
077358
077360
077362
077363
077364
077370
077371
077378
077379
077380
077384
077385
077387
077388
077390
077392
077394
077395
077396
077397
077398
077400
077405
077406
077407
077408
077409
077411
077412
077414
077418
077419
077420
077422
077425
077427
077428
077429
077431
077432
077433
077435
077436
077437
077440
077441
077442
077443
077444
077445
077448
077449
077450
077452
077457
077461
077463
077464
077466
077467
077468
077473
077474
077477
077478
077479
077481
077482
077483
077486
077491
077493
077496
077497
077498
077499
077500
077501
077502
077507
077508
077509
077512
077513
077514
077516
077517
077519
077520
077523
077524
077526
077532
077533
077536
077537
077538
077539
077542
077543
077547
077548
077550
077551
077552
077553
077556
077557
077558
077559
077560
077562
077563
077564
077567
077568
077570
077572
077575
077578
077581
077586
077587
077589
077592
077595
077597
077598
077599
077603
077604
077605
077606
077607
077608
077611
077612
077613
077615
077619
077623
077624
077626
077628
077629
077634
077635
077637
077638
077640
077644
077645
077646
077647
077648
077649
077652
077653
077654
077656
077659
077661
077662
077663
077666
077667
077668
077669
077670
077672
077677
077678
077680
077684
077685
077686
077687
077688
077689
077692
077693
077694
077696
077698
077700
077704
077705
077706
077708
077709
077713
077716
077718
077719
077721
077725
077726
077727
077729
077732
077733
077736
077737
077738
077740
077741
077742
077743
077744
077745
077748
077753
077756
077757
077758
077759
077761
077762
077764
077768
077773
077774
077775
077776
077777
077779
077780
077783
077786
077787
077789
077790
077791
077794
077796
077798
077799
077800
077801
077802
077803
077806
077809
077810
077811
077818
077820
077826
077827
077829
077830
077831
077833
077835
077836
077841
077843
077845
077848
077853
077854
077856
077857
077859
077860
077871
077872
077873
077874
077877
077880
077881
077884
077886
077888
077889
077890
077892
077894
077899
077900
077901
077902
077904
077905
077908
077909
077910
077911
077912
077915
077917
077920
077921
077923
077924
077925
077926
077929
077933
077934
077937
077939
077940
077941
077942
077944
077945
077948
077949
077950
077951
077953
077954
077955
077957
077958
077960
077962
077963
077964
077966
077970
077972
077973
077975
077976
077977
077978
077979
077980
077982
077984
077985
077986
077987
077988
077991
077993
077994
077995
077996
077997
077998
077999
078000
078001
078003
078005
078009
078011
078012
078013
078015
078019
078020
078021
078026
078027
078031
078034
078035
078036
078038
078041
078042
078044
078047
078051
078052
078053
078055
078056
078057
078059
078060
078062
078063
078065
078067
078068
078070
078071
078073
078078
078082
078084
078086
078087
078088
078089
078090
078091
078092
078093
078094
078095
078098
078099
078103
078104
078106
078107
078108
078110
078113
078114
078115
078121
078124
078126
078127
078130
078131
078135
078136
078137
078138
078141
078143
078146
078148
078149
078150
078152
078153
078155
078156
078157
078158
078159
078160
078161
078163
078165
078166
078168
078169
078170
078172
078173
078176
078178
078180
078181
078182
078183
078184
078189
078192
078195
078197
078199
078200
078201
078202
078205
078208
078209
078210
078211
078213
078215
078216
078217
078220
078221
078225
078227
078228
078229
078233
078236
078237
078238
078240
078241
078243
078245
078246
078247
078250
078251
078253
078257
078259
078266
078267
078273
078277
078278
078279
078283
078284
078287
078289
078291
078292
078294
078295
078298
078300
078301
078302
078303
078304
078306
078308
078309
078310
078312
078314
078315
078316
078317
078318
078319
078320
078323
078324
078325
078327
078328
078329
078330
078332
078333
078334
078336
078337
078338
078339
078340
078341
078345
078349
078350
078352
078353
078354
078355
078359
078360
078361
078362
078363
078364
078367
078369
078374
078375
078377
078378
078379
078380
078382
078383
078385
078386
078388
078390
078392
078394
078396
078397
078398
078400
078402
078403
078404
078405
078407
078411
078417
078419
078420
078421
078423
078428
078429
078430
078432
078433
078434
078435
078437
078441
078446
078449
078450
078451
078454
078455
078456
078459
078461
078463
078465
078466
078470
078471
078475
078476
078477
078478
078481
078483
078484
078485
078486
078487
078488
078490
078493
078494
078496
078497
078498
078499
078500
078503
078504
078505
078509
078510
078515
078516
078517
078519
078521
078524
078525
078527
078529
078532
078534
078535
078537
078541
078542
078543
078549
078552
078553
078556
078560
078563
078565
078566
078568
078571
078575
078576
078578
078580
078581
078582
078583
078585
078587
078592
078593
078598
078601
078603
078606
078609
078610
078613
078614
078618
078619
078620
078624
078625
078626
078629
078630
078631
078635
078637
078638
078639
078641
078647
078648
078651
078652
078655
078656
078657
078658
078660
078661
078662
078663
078666
078668
078669
078676
078679
078681
078683
078684
078685
078688
078689
078692
078695
078698
078700
078701
078702
078706
078709
078710
078711
078712
078713
078715
078716
078718
078722
078724
078726
078727
078728
078729
078733
078735
078736
078738
078740
078743
078747
078748
078749
078751
078752
078753
078754
078758
078760
078763
078765
078766
078767
078768
078769
078770
078774
078775
078777
078778
078779
078780
078786
078790
078792
078793
078795
078796
078797
078798
078801
078803
078804
078805
078806
078809
078812
078815
078816
078817
078818
078819
078821
078823
078824
078826
078828
078834
078836
078837
078840
078841
078842
078844
078845
078846
078848
078849
078850
078852
078855
078857
078859
078860
078861
078863
078864
078866
078867
078869
078871
078872
078873
078876
078878
078879
078880
078881
078883
078884
078885
078888
078890
078894
078895
078896
078899
078900
078901
078902
078905
078907
078909
078910
078914
078915
078918
078923
078925
078929
078930
078931
078932
078936
078937
078940
078942
078952
078953
078954
078956
078959
078960
078961
078962
078964
078965
078967
078969
078971
078972
078975
078976
078977
078980
078983
078985
078987
078991
078992
078993
078996
078998
079000
079002
079003
079004
079006
079008
079010
079012
079013
079014
079015
079016
079018
079020
079024
079025
079026
079027
079028
079032
079033
079034
079035
079036
079039
079046
079047
079050
079052
079053
079054
079058
079062
079065
079066
079069
079070
079071
079072
079074
079075
079079
079083
079084
079085
079086
079087
079088
079091
079092
079093
079094
079095
079097
079098
079099
079101
079103
079108
079111
079112
079113
079116
079119
079120
079121
079122
079123
079124
079125
079127
079128
079130
079133
079136
079137
079138
079139
079140
079141
079142
079144
079145
079147
079148
079150
079151
079152
079154
079157
079160
079161
079164
079165
079166
079169
079170
079171
079173
079176
079177
079179
079183
079184
079186
079187
079191
079194
079196
079198
079199
079201
079202
079203
079205
079206
079208
079212
079213
079217
079220
079221
079222
079226
079228
079230
079232
079233
079236
079238
079240
079241
079244
079245
079246
079248
079252
079253
079254
079257
079261
079262
079265
079266
079267
079269
079271
079273
079274
079276
079280
079282
079284
079285
079288
079290
079292
079293
079297
079298
079299
079300
079302
079304
079305
079308
079309
079311
079314
079320
079321
079322
079324
079325
079327
079329
079330
079331
079332
079335
079337
079338
079340
079341
079342
079344
079345
079347
079350
079352
079353
079354
079356
079357
079358
079359
079361
079362
079364
079365
079366
079367
079370
079371
079373
079375
079376
079378
079381
079383
079386
079388
079390
079391
079393
079394
079396
079397
079404
079405
079407
079410
079413
079414
079418
079420
079422
079424
079425
079429
079434
079435
079436
079437
079439
079440
079441
079442
079443
079444
079447
079449
079451
079452
079453
079454
079456
079457
079458
079459
079460
079463
079464
079467
079468
079469
079471
079472
079473
079474
079475
079478
079482
079483
079485
079486
079489
079491
079492
079493
079496
079497
079498
079499
079500
079501
079502
079503
079504
079505
079506
079509
079511
079512
079513
079515
079517
079518
079519
079520
079522
079523
079524
079526
079530
079531
079533
079534
079538
079539
079540
079541
079543
079544
079547
079548
079549
079551
079553
079554
079557
079558
079559
079563
079565
079566
079567
079568
079569
079570
079571
079573
079575
079577
079578
079579
079580
079583
079585
079588
079590
079591
079594
079595
079597
079600
079601
079602
079603
079605
079607
079608
079610
079612
079613
079615
079617
079620
079621
079622
079624
079626
079630
079636
079638
079640
079641
079642
079643
079644
079647
079650
079651
079652
079653
079655
079657
079659
079660
079662
079663
079665
079666
079667
079668
079669
079671
079674
079683
079686
079688
079689
079691
079693
079694
079695
079697
079698
079701
079702
079704
079705
079708
079711
079712
079713
079717
079720
079723
079724
079727
079728
079729
079730
079731
079733
079734
079736
079737
079740
079741
079743
079749
079750
079751
079752
079753
079760
079761
079762
079763
079766
079771
079773
079776
079777
079780
079783
079784
079785
079787
079789
079791
079792
079793
079794
079795
079798
079800
079801
079804
079806
079807
079808
079809
079810
079813
079814
079815
079818
079819
079820
079821
079822
079825
079827
079829
079832
079833
079834
079836
079837
079839
079840
079842
079844
079846
079848
079852
079853
079857
079861
079862
079864
079865
079866
079868
079869
079873
079875
079877
079879
079883
079884
079885
079888
079890
079891
079892
079893
079894
079895
079897
079899
079901
079902
079904
079905
079906
079908
079909
079910
079912
079913
079914
079915
079916
079917
079918
079920
079922
079923
079924
079927
079928
079930
079931
079932
079934
079936
079940
079942
079944
079945
079952
079954
079955
079958
079959
079960
079962
079967
079970
079974
079980
079981
079982
079983
079986
079987
079990
079992
079995
079996
079999
080000
080001
080003
080006
080007
080009
080011
080014
080015
080017
080018
080019
080020
080021
080022
080025
080027
080029
080030
080031
080032
080033
080034
080039
080042
080044
080045
080046
080048
080049
080050
080054
080062
080063
080064
080065
080066
080067
080070
080071
080072
080078
080079
080080
080083
080084
080086
080090
080092
080094
080095
080096
080097
080100
080104
080105
080114
080116
080117
080121
080124
080125
080126
080128
080129
080130
080132
080137
080138
080139
080140
080141
080143
080146
080147
080148
080150
080153
080157
080159
080160
080161
080163
080166
080168
080169
080171
080172
080175
080176
080177
080178
080179
080180
080181
080182
080186
080187
080188
080189
080190
080194
080196
080198
080199
080201
080209
080210
080212
080214
080215
080217
080218
080220
080222
080223
080224
080225
080230
080232
080233
080235
080236
080237
080240
080243
080244
080245
080251
080256
080258
080260
080262
080265
080266
080267
080271
080272
080273
080274
080275
080276
080277
080278
080281
080284
080285
080288
080289
080293
080294
080295
080298
080299
080300
080304
080305
080306
080307
080310
080312
080317
080318
080319
080320
080321
080324
080325
080326
080327
080332
080333
080334
080337
080338
080339
080342
080344
080345
080347
080348
080350
080354
080355
080356
080359
080360
080361
080362
080363
080366
080367
080371
080374
080375
080376
080379
080380
080381
080382
080385
080386
080388
080391
080392
080396
080398
080400
080401
080404
080412
080415
080416
080417
080418
080421
080422
080426
080427
080428
080429
080435
080438
080439
080440
080441
080443
080449
080453
080456
080457
080458
080459
080461
080462
080463
080467
080470
080471
080472
080475
080478
080479
080480
080481
080482
080483
080484
080486
080488
080490
080491
080493
080495
080501
080502
080503
080504
080505
080506
080509
080512
080514
080515
080517
080519
080520
080522
080523
080524
080529
080530
080532
080534
080535
080537
080538
080541
080545
080546
080548
080549
080551
080554
080555
080557
080558
080559
080560
080561
080564
080565
080566
080567
080568
080569
080575
080576
080577
080579
080580
080581
080583
080584
080585
080586
080589
080591
080592
080593
080594
080597
080601
080603
080605
080606
080608
080609
080611
080613
080614
080615
080618
080621
080623
080624
080628
080634
080636
080637
080639
080640
080641
080642
080643
080644
080648
080649
080652
080654
080655
080656
080657
080659
080660
080662
080665
080666
080668
080669
080672
080676
080678
080680
080683
080684
080687
080691
080692
080693
080695
080696
080703
080706
080712
080713
080715
080717
080718
080720
080721
080723
080725
080726
080733
080736
080737
080738
080739
080742
080743
080744
080745
080746
080748
080749
080751
080752
080753
080754
080756
080757
080758
080760
080761
080763
080764
080765
080767
080768
080769
080771
080772
080773
080775
080776
080777
080778
080780
080781
080782
080783
080784
080785
080787
080788
080791
080793
080795
080800
080801
080805
080808
080809
080810
080812
080817
080818
080821
080822
080824
080825
080827
080829
080831
080833
080835
080836
080838
080841
080842
080843
080849
080850
080854
080856
080857
080858
080861
080862
080863
080869
080870
080871
080873
080874
080880
080881
080883
080884
080885
080888
080889
080891
080894
080896
080899
080900
080901
080902
080903
080904
080905
080907
080909
080910
080914
080916
080918
080919
080920
080922
080924
080926
080927
080928
080929
080930
080931
080932
080933
080934
080935
080936
080937
080941
080943
080947
080949
080951
080952
080954
080955
080956
080958
080960
080962
080965
080966
080967
080970
080971
080976
080977
080980
080981
080982
080983
080985
080987
080989
080992
080995
080996
081000
081001
081002
081003
081005
081006
081009
081011
081012
081013
081018
081019
081021
081026
081027
081030
081031
081032
081034
081036
081037
081038
081040
081041
081044
081045
081046
081048
081049
081051
081053
081054
081055
081058
081059
081061
081062
081063
081065
081066
081070
081071
081072
081074
081079
081081
081084
081085
081087
081088
081090
081091
081094
081096
081098
081099
081100
081102
081103
081105
081107
081109
081112
081114
081115
081122
081123
081125
081128
081129
081130
081133
081136
081140
081141
081143
081145
081146
081147
081148
081153
081159
081162
081163
081166
081167
081171
081172
081173
081175
081176
081177
081182
081184
081186
081188
081189
081190
081191
081192
081194
081195
081197
081200
081201
081202
081204
081206
081209
081210
081215
081216
081220
081221
081222
081223
081224
081225
081226
081228
081229
081231
081232
081233
081234
081237
081238
081242
081243
081246
081247
081248
081249
081252
081253
081255
081256
081257
081259
081260
081261
081263
081264
081265
081268
081269
081270
081274
081276
081277
081278
081279
081283
081286
081287
081289
081291
081292
081293
081296
081298
081300
081301
081302
081303
081304
081305
081306
081307
081313
081314
081315
081317
081318
081320
081321
081323
081324
081325
081326
081327
081328
081329
081330
081331
081334
081335
081336
081337
081340
081341
081346
081349
081351
081353
081356
081357
081359
081360
081365
081367
081368
081370
081375
081377
081378
081380
081381
081383
081384
081385
081388
081389
081390
081394
081395
081397
081398
081400
081405
081407
081408
081409
081410
081413
081415
081416
081417
081418
081420
081421
081422
081424
081427
081428
081430
081431
081432
081433
081434
081437
081438
081440
081442
081443
081444
081445
081447
081450
081451
081452
081453
081455
081461
081465
081466
081467
081468
081470
081473
081474
081475
081478
081482
081483
081485
081487
081488
081491
081494
081495
081496
081498
081501
081504
081505
081507
081508
081509
081510
081511
081512
081513
081514
081515
081516
081517
081522
081524
081526
081531
081533
081536
081539
081540
081542
081545
081547
081548
081551
081552
081553
081556
081557
081558
081561
081562
081564
081566
081569
081572
081574
081575
081576
081577
081583
081587
081589
081591
081593
081594
081595
081597
081599
081600
081602
081603
081604
081605
081606
081608
081609
081611
081612
081615
081617
081618
081619
081620
081621
081622
081624
081627
081628
081630
081632
081634
081636
081638
081640
081641
081642
081649
081650
081653
081654
081657
081658
081661
081662
081665
081667
081669
081670
081671
081672
081674
081676
081681
081683
081684
081686
081687
081688
081690
081691
081692
081698
081699
081702
081703
081704
081705
081706
081707
081709
081711
081713
081714
081715
081716
081719
081722
081725
081726
081727
081729
081730
081732
081733
081734
081736
081737
081739
081741
081743
081744
081747
081750
081751
081752
081755
081758
081759
081760
081761
081764
081771
081772
081773
081774
081775
081776
081777
081778
081780
081781
081784
081785
081793
081796
081798
081802
081803
081805
081806
081808
081814
081816
081819
081822
081823
081825
081828
081829
081830
081832
081836
081838
081839
081842
081844
081847
081850
081853
081856
081857
081859
081861
081863
081864
081872
081874
081876
081881
081882
081884
081885
081887
081888
081889
081892
081893
081894
081896
081897
081898
081901
081903
081904
081905
081907
081908
081913
081914
081916
081917
081919
081923
081924
081928
081930
081933
081934
081937
081938
081939
081940
081941
081942
081944
081946
081948
081949
081952
081954
081955
081958
081960
081964
081967
081968
081970
081971
081972
081973
081974
081976
081977
081980
081981
081982
081983
081984
081988
081990
081992
081995
081998
081999
082000
082001
082004
082005
082007
082013
082016
082017
082018
082019
082020
082021
082022
082023
082025
082026
082027
082028
082031
082032
082034
082037
082039
082040
082042
082043
082045
082046
082051
082054
082057
082058
082060
082063
082065
082067
082068
082069
082072
082074
082077
082078
082080
082083
082084
082086
082089
082091
082099
082100
082102
082106
082107
082111
082118
082120
082122
082125
082126
082127
082129
082131
082136
082138
082139
082140
082141
082143
082144
082145
082147
082148
082149
082150
082151
082152
082153
082154
082155
082157
082159
082160
082161
082162
082164
082165
082167
082168
082169
082172
082173
082176
082177
082179
082180
082181
082182
082183
082184
082185
082186
082187
082188
082190
082192
082195
082197
082198
082202
082203
082205
082206
082209
082210
082213
082218
082219
082223
082224
082227
082228
082231
082232
082233
082234
082237
082238
082240
082241
082242
082245
082246
082248
082252
082254
082259
082260
082263
082265
082266
082268
082269
082272
082273
082276
082280
082283
082284
082285
082287
082290
082291
082292
082296
082297
082298
082299
082300
082303
082304
082305
082306
082309
082312
082313
082316
082317
082318
082320
082326
082327
082329
082331
082332
082333
082337
082339
082340
082342
082344
082346
082348
082349
082350
082353
082358
082359
082361
082362
082363
082364
082365
082369
082371
082372
082374
082375
082376
082377
082379
082381
082382
082383
082384
082386
082387
082389
082390
082393
082394
082396
082398
082400
082404
082405
082406
082409
082410
082413
082414
082415
082416
082419
082423
082429
082430
082431
082432
082435
082436
082437
082441
082443
082447
082449
082450
082455
082457
082459
082460
082462
082464
082465
082467
082468
082469
082474
082476
082479
082480
082481
082485
082487
082489
082490
082492
082493
082494
082495
082496
082497
082500
082501
082502
082506
082507
082511
082518
082521
082522
082525
082530
082531
082533
082534
082535
082536
082537
082539
082540
082544
082545
082546
082547
082549
082550
082551
082552
082553
082555
082556
082557
082558
082561
082562
082565
082567
082569
082570
082571
082572
082573
082576
082577
082580
082581
082585
082588
082589
082595
082599
082601
082604
082608
082610
082611
082612
082613
082614
082616
082620
082621
082623
082624
082625
082628
082632
082633
082634
082635
082636
082637
082638
082641
082642
082645
082646
082650
082651
082656
082658
082660
082661
082663
082664
082665
082667
082668
082669
082670
082671
082673
082674
082675
082676
082677
082681
082682
082684
082685
082687
082689
082691
082692
082695
082698
082699
082701
082704
082705
082707
082711
082712
082714
082717
082722
082725
082728
082729
082731
082732
082733
082735
082736
082739
082740
082741
082742
082745
082746
082748
082750
082751
082752
082753
082754
082755
082757
082758
082761
082767
082768
082770
082771
082772
082774
082775
082778
082779
082780
082784
082786
082787
082788
082790
082794
082796
082800
082801
082807
082808
082812
082813
082814
082815
082816
082817
082818
082819
082820
082822
082824
082825
082826
082830
082832
082835
082836
082837
082838
082840
082841
082842
082843
082844
082845
082848
082852
082854
082857
082858
082859
082861
082862
082864
082868
082869
082872
082875
082877
082879
082881
082883
082884
082886
082888
082889
082890
082892
082896
082899
082904
082906
082907
082908
082911
082913
082914
082915
082922
082925
082928
082930
082934
082936
082937
082939
082940
082941
082943
082945
082946
082947
082950
082951
082952
082956
082957
082958
082960
082961
082965
082967
082968
082969
082971
082972
082973
082974
082975
082977
082979
082980
082983
082985
082987
082988
082989
082990
082992
082995
082998
082999
083000
083003
083005
083006
083007
083010
083011
083012
083013
083014
083015
083016
083017
083018
083020
083021
083022
083023
083024
083027
083029
083033
083034
083036
083038
083039
083040
083046
083047
083048
083050
083051
083052
083056
083057
083058
083059
083060
083061
083063
083064
083067
083071
083072
083074
083077
083080
083081
083084
083085
083086
083088
083089
083091
083092
083093
083097
083099
083100
083102
083108
083110
083113
083115
083117
083118
083121
083124
083125
083127
083131
083134
083135
083136
083137
083140
083141
083143
083144
083145
083149
083150
083153
083157
083161
083163
083165
083166
083169
083172
083174
083177
083187
083188
083189
083190
083191
083192
083193
083195
083197
083200
083201
083204
083205
083209
083211
083212
083213
083214
083218
083219
083221
083222
083224
083225
083226
083229
083230
083231
083232
083233
083236
083237
083242
083243
083244
083250
083251
083253
083255
083256
083260
083266
083269
083270
083271
083272
083274
083277
083281
083282
083286
083287
083288
083291
083293
083295
083296
083297
083299
083300
083302
083304
083306
083307
083308
083310
083311
083312
083314
083317
083318
083319
083320
083322
083323
083327
083331
083332
083333
083334
083335
083336
083337
083339
083340
083344
083345
083346
083347
083349
083350
083353
083354
083359
083362
083364
083366
083367
083368
083373
083375
083380
083381
083382
083384
083385
083387
083388
083390
083391
083393
083399
083401
083402
083404
083406
083407
083408
083409
083410
083411
083415
083417
083419
083421
083423
083424
083425
083428
083430
083433
083436
083438
083440
083441
083442
083443
083444
083445
083446
083447
083448
083449
083450
083452
083453
083454
083457
083458
083459
083460
083463
083468
083469
083470
083471
083473
083477
083478
083479
083480
083481
083485
083490
083491
083493
083498
083501
083502
083503
083504
083505
083506
083507
083508
083510
083511
083512
083514
083518
083519
083521
083522
083524
083525
083526
083528
083531
083532
083533
083534
083536
083538
083540
083543
083544
083545
083547
083548
083550
083553
083554
083555
083556
083558
083559
083560
083564
083565
083566
083567
083568
083569
083571
083572
083573
083575
083581
083582
083584
083586
083587
083588
083593
083595
083597
083600
083601
083603
083604
083606
083607
083608
083613
083616
083620
083621
083622
083624
083626
083627
083628
083630
083633
083635
083638
083641
083642
083643
083645
083648
083649
083650
083656
083657
083659
083661
083662
083663
083667
083669
083671
083674
083675
083676
083677
083679
083680
083682
083685
083687
083688
083691
083693
083694
083697
083699
083701
083703
083710
083711
083714
083716
083718
083719
083720
083721
083722
083725
083727
083730
083732
083734
083736
083738
083740
083741
083742
083743
083746
083748
083751
083752
083754
083755
083756
083757
083760
083761
083762
083763
083766
083767
083768
083769
083772
083773
083774
083775
083776
083777
083779
083780
083781
083783
083789
083790
083791
083794
083795
083796
083797
083798
083799
083800
083802
083804
083807
083808
083811
083812
083814
083817
083818
083819
083820
083821
083823
083824
083827
083828
083829
083831
083832
083833
083834
083835
083836
083838
083839
083841
083842
083843
083844
083845
083846
083849
083850
083852
083854
083855
083856
083858
083862
083864
083869
083872
083881
083883
083887
083889
083890
083891
083892
083894
083897
083901
083905
083906
083907
083908
083909
083910
083913
083915
083921
083926
083929
083930
083932
083933
083934
083936
083937
083938
083939
083940
083942
083943
083945
083948
083950
083951
083953
083954
083955
083956
083957
083960
083962
083964
083966
083967
083968
083969
083970
083971
083973
083974
083975
083977
083979
083980
083981
083985
083990
083992
083994
083996
083997
084005
084006
084007
084008
084010
084015
084017
084018
084020
084022
084023
084024
084025
084028
084029
084030
084031
084034
084037
084038
084039
084041
084043
084044
084045
084046
084047
084049
084051
084053
084055
084057
084058
084059
084063
084064
084065
084066
084067
084069
084072
084073
084074
084075
084076
084077
084078
084079
084082
084083
084084
084085
084086
084088
084091
084093
084095
084096
084098
084099
084100
084102
084105
084108
084109
084113
084114
084116
084118
084119
084120
084121
084123
084124
084125
084126
084128
084133
084135
084136
084139
084140
084143
084144
084147
084148
084151
084153
084157
084158
084163
084164
084166
084169
084170
084177
084178
084179
084182
084183
084184
084187
084189
084190
084192
084194
084195
084196
084198
084199
084200
084201
084203
084204
084206
084215
084217
084219
084221
084222
084223
084227
084229
084231
084232
084235
084240
084242
084243
084244
084249
084252
084253
084254
084255
084258
084259
084260
084261
084262
084265
084266
084268
084271
084272
084273
084276
084277
084280
084281
084283
084285
084287
084289
084290
084291
084293
084295
084297
084299
084300
084302
084303
084304
084305
084306
084309
084311
084313
084314
084315
084316
084318
084325
084329
084330
084335
084337
084338
084339
084340
084341
084345
084347
084348
084349
084351
084352
084357
084358
084359
084361
084364
084365
084367
084372
084375
084376
084377
084381
084383
084386
084389
084390
084394
084396
084400
084401
084402
084403
084410
084412
084415
084418
084421
084422
084425
084426
084427
084428
084429
084430
084432
084435
084436
084437
084441
084442
084444
084447
084448
084449
084450
084451
084453
084454
084457
084458
084461
084465
084467
084468
084473
084474
084475
084476
084477
084478
084479
084482
084487
084489
084490
084492
084494
084498
084499
084500
084501
084502
084504
084505
084506
084508
084514
084515
084516
084517
084519
084520
084525
084526
084527
084528
084529
084531
084532
084533
084535
084537
084542
084543
084546
084548
084549
084552
084553
084556
084558
084561
084562
084565
084566
084567
084568
084569
084570
084572
084575
084576
084577
084578
084579
084581
084582
084585
084586
084587
084588
084590
084591
084592
084594
084596
084598
084600
084602
084603
084604
084608
084611
084612
084617
084618
084621
084623
084624
084625
084627
084628
084632
084633
084634
084636
084637
084638
084640
084641
084642
084645
084650
084651
084654
084655
084657
084658
084659
084660
084661
084662
084664
084665
084666
084667
084668
084669
084673
084674
084679
084680
084684
084685
084688
084689
084691
084693
084694
084696
084698
084700
084705
084707
084709
084711
084714
084716
084719
084720
084723
084724
084726
084728
084729
084730
084731
084734
084736
084737
084738
084739
084742
084743
084744
084747
084750
084751
084752
084753
084754
084756
084757
084758
084759
084760
084761
084765
084766
084767
084768
084769
084771
084772
084773
084776
084777
084779
084780
084782
084784
084786
084788
084789
084790
084791
084792
084795
084796
084797
084799
084801
084806
084810
084813
084819
084820
084821
084824
084825
084826
084829
084832
084836
084837
084839
084840
084841
084843
084844
084845
084847
084849
084850
084852
084853
084854
084855
084856
084857
084860
084861
084862
084863
084867
084868
084869
084870
084871
084872
084874
084877
084878
084880
084882
084884
084886
084887
084889
084890
084891
084895
084896
084900
084902
084904
084905
084906
084907
084908
084909
084910
084916
084917
084918
084920
084921
084923
084924
084925
084926
084928
084930
084931
084933
084936
084937
084940
084941
084942
084943
084945
084946
084948
084949
084950
084952
084954
084955
084956
084957
084958
084959
084961
084962
084963
084964
084965
084966
084970
084972
084975
084979
084980
084981
084982
084983
084985
084986
084987
084988
084989
084991
084992
084993
084994
084995
084998
085001
085006
085008
085009
085011
085012
085013
085017
085018
085019
085020
085024
085026
085028
085029
085030
085031
085033
085036
085038
085041
085042
085043
085047
085048
085049
085050
085053
085054
085057
085058
085060
085062
085065
085067
085068
085071
085075
085076
085079
085082
085083
085084
085089
085091
085093
085095
085096
085097
085098
085100
085102
085103
085106
085108
085111
085114
085118
085119
085120
085121
085122
085125
085126
085127
085128
085132
085133
085134
085136
085138
085142
085144
085146
085147
085153
085154
085155
085156
085158
085159
085161
085162
085163
085165
085166
085167
085171
085178
085179
085181
085182
085183
085186
085187
085188
085191
085192
085193
085196
085197
085198
085200
085201
085208
085209
085210
085212
085216
085217
085219
085220
085221
085222
085225
085229
085231
085232
085233
085241
085243
085252
085254
085257
085258
085259
085260
085261
085262
085264
085265
085267
085268
085269
085270
085271
085275
085277
085278
085280
085284
085285
085287
085289
085291
085294
085297
085298
085299
085300
085306
085308
085309
085310
085313
085315
085316
085317
085318
085322
085324
085325
085327
085329
085332
085333
085334
085336
085337
085339
085340
085343
085344
085346
085348
085349
085350
085351
085352
085355
085357
085358
085359
085360
085361
085362
085363
085365
085366
085367
085368
085370
085372
085375
085376
085378
085381
085383
085385
085386
085390
085391
085392
085395
085396
085398
085399
085405
085406
085407
085408
085409
085413
085414
085417
085422
085423
085424
085425
085427
085428
085429
085430
085432
085436
085437
085438
085440
085443
085444
085446
085447
085449
085452
085453
085454
085455
085456
085458
085463
085467
085470
085472
085474
085476
085477
085478
085479
085480
085481
085482
085483
085485
085487
085488
085489
085493
085494
085496
085500
085504
085505
085507
085508
085509
085510
085512
085513
085514
085515
085516
085517
085518
085520
085524
085528
085529
085530
085531
085532
085533
085536
085537
085539
085542
085546
085549
085550
085553
085555
085559
085563
085565
085567
085568
085570
085574
085575
085576
085577
085578
085580
085581
085582
085583
085584
085585
085586
085589
085591
085593
085594
085596
085598
085599
085600
085601
085603
085604
085605
085607
085613
085614
085615
085616
085618
085619
085620
085621
085624
085626
085628
085629
085630
085631
085632
085633
085634
085635
085641
085642
085643
085644
085647
085648
085649
085650
085651
085652
085653
085655
085656
085657
085661
085662
085663
085664
085665
085666
085667
085668
085669
085672
085673
085674
085676
085678
085679
085680
085682
085683
085686
085687
085688
085689
085690
085693
085694
085696
085697
085699
085701
085705
085707
085709
085712
085715
085717
085720
085722
085723
085724
085726
085727
085728
085729
085730
085731
085732
085734
085738
085739
085740
085743
085744
085745
085746
085749
085750
085753
085756
085758
085759
085763
085764
085765
085767
085769
085770
085771
085773
085774
085775
085776
085777
085778
085779
085780
085783
085784
085786
085787
085788
085789
085791
085794
085796
085798
085800
085801
085802
085804
085807
085808
085810
085812
085815
085820
085821
085822
085823
085824
085826
085830
085832
085837
085838
085839
085840
085841
085842
085843
085844
085846
085850
085852
085854
085855
085856
085857
085858
085862
085864
085865
085869
085870
085871
085872
085876
085877
085878
085879
085880
085881
085884
085887
085888
085889
085892
085893
085894
085896
085898
085904
085905
085908
085910
085911
085912
085913
085914
085916
085919
085921
085923
085927
085928
085929
085930
085931
085933
085937
085940
085941
085942
085944
085950
085951
085952
085954
085955
085960
085963
085964
085966
085969
085970
085971
085973
085975
085982
085989
085991
085992
085999
086002
086003
086004
086005
086006
086009
086010
086012
086014
086016
086017
086019
086023
086025
086026
086027
086029
086031
086032
086033
086034
086035
086036
086037
086038
086041
086042
086043
086049
086051
086052
086053
086054
086056
086059
086061
086064
086066
086067
086069
086071
086072
086073
086074
086075
086079
086080
086082
086084
086085
086089
086091
086092
086093
086094
086096
086099
086100
086101
086102
086104
086108
086110
086111
086114
086115
086120
086121
086122
086124
086125
086127
086128
086129
086131
086132
086136
086138
086141
086144
086146
086147
086149
086150
086151
086152
086153
086154
086155
086157
086158
086159
086160
086163
086164
086165
086166
086167
086168
086171
086173
086175
086177
086178
086180
086182
086186
086188
086190
086191
086194
086197
086198
086201
086202
086205
086208
086209
086211
086212
086213
086215
086216
086219
086220
086221
086222
086223
086227
086228
086229
086232
086233
086237
086238
086239
086240
086241
086245
086247
086248
086249
086250
086251
086252
086255
086257
086258
086259
086261
086262
086263
086265
086267
086270
086271
086272
086274
086276
086277
086279
086280
086281
086282
086285
086287
086288
086290
086291
086293
086294
086296
086297
086298
086301
086303
086305
086307
086308
086309
086310
086312
086314
086316
086317
086320
086323
086327
086330
086331
086332
086333
086335
086337
086339
086340
086342
086345
086346
086349
086350
086352
086353
086354
086355
086356
086357
086359
086361
086364
086365
086368
086370
086371
086372
086373
086379
086382
086383
086384
086387
086389
086392
086393
086394
086395
086396
086397
086398
086400
086402
086406
086408
086409
086410
086411
086412
086414
086415
086416
086420
086422
086426
086428
086431
086433
086435
086437
086439
086440
086441
086444
086446
086448
086449
086450
086451
086454
086456
086457
086458
086459
086460
086461
086463
086465
086472
086473
086474
086475
086478
086479
086480
086482
086483
086484
086485
086486
086487
086489
086496
086497
086498
086499
086500
086501
086503
086504
086507
086508
086509
086510
086511
086512
086514
086515
086516
086517
086519
086522
086524
086527
086531
086532
086533
086535
086538
086540
086541
086545
086546
086547
086553
086554
086555
086556
086558
086559
086560
086561
086562
086565
086567
086571
086572
086573
086575
086576
086577
086580
086585
086593
086595
086599
086600
086602
086605
086606
086607
086610
086611
086612
086613
086618
086619
086621
086623
086626
086628
086631
086632
086633
086634
086637
086641
086642
086646
086649
086650
086651
086652
086653
086654
086656
086657
086658
086661
086662
086663
086665
086667
086668
086669
086670
086671
086672
086673
086675
086678
086681
086683
086684
086685
086687
086688
086689
086690
086691
086693
086694
086695
086699
086702
086704
086705
086706
086707
086708
086709
086710
086715
086716
086718
086719
086722
086723
086724
086725
086726
086727
086728
086730
086733
086734
086736
086738
086741
086742
086743
086745
086746
086748
086749
086751
086753
086755
086759
086760
086761
086762
086763
086765
086769
086771
086772
086775
086777
086780
086781
086783
086784
086786
086788
086789
086790
086792
086794
086796
086799
086802
086804
086805
086809
086811
086814
086815
086816
086817
086819
086820
086821
086822
086825
086826
086827
086829
086833
086834
086836
086837
086838
086840
086842
086845
086849
086851
086852
086855
086857
086859
086860
086861
086862
086869
086871
086872
086873
086876
086877
086878
086879
086880
086881
086882
086883
086884
086885
086886
086887
086895
086898
086899
086900
086902
086903
086908
086909
086910
086913
086916
086917
086919
086920
086925
086927
086929
086930
086931
086932
086933
086935
086936
086939
086941
086942
086943
086946
086951
086954
086961
086962
086963
086964
086965
086966
086967
086970
086971
086972
086973
086975
086976
086977
086978
086983
086984
086985
086986
086988
086989
086993
086994
086997
087001
087002
087003
087004
087008
087009
087010
087013
087014
087015
087016
087019
087020
087022
087027
087028
087030
087031
087032
087033
087034
087035
087037
087038
087039
087041
087043
087044
087045
087046
087047
087049
087052
087054
087056
087058
087062
087063
087066
087067
087069
087072
087076
087079
087081
087082
087083
087084
087085
087087
087088
087089
087093
087094
087095
087097
087098
087099
087103
087104
087106
087108
087109
087110
087111
087112
087116
087118
087119
087122
087123
087126
087127
087128
087129
087131
087132
087133
087141
087144
087147
087149
087150
087152
087154
087161
087162
087163
087164
087168
087169
087171
087173
087177
087178
087179
087181
087182
087185
087186
087191
087193
087194
087195
087196
087197
087198
087199
087202
087204
087207
087211
087212
087216
087218
087222
087223
087224
087225
087226
087229
087230
087231
087233
087235
087237
087240
087242
087244
087246
087247
087248
087250
087255
087258
087260
087261
087266
087267
087268
087269
087271
087273
087274
087277
087279
087281
087282
087284
087285
087288
087290
087291
087292
087294
087297
087298
087299
087301
087303
087305
087308
087309
087310
087312
087313
087315
087317
087319
087320
087321
087323
087324
087328
087329
087330
087331
087334
087336
087338
087339
087341
087344
087346
087347
087348
087350
087351
087353
087355
087356
087358
087361
087362
087363
087364
087365
087369
087370
087371
087372
087375
087377
087381
087384
087385
087386
087389
087390
087391
087393
087398
087399
087400
087402
087403
087404
087405
087406
087408
087411
087413
087414
087417
087419
087421
087422
087424
087428
087430
087434
087438
087440
087442
087445
087446
087449
087450
087452
087454
087455
087456
087457
087459
087461
087465
087467
087468
087469
087471
087472
087475
087478
087479
087482
087488
087489
087490
087495
087496
087497
087498
087501
087504
087506
087509
087512
087513
087514
087515
087516
087517
087520
087521
087523
087524
087526
087529
087531
087533
087535
087538
087541
087542
087544
087545
087549
087550
087551
087552
087553
087556
087557
087559
087560
087561
087563
087564
087566
087568
087569
087570
087571
087572
087575
087579
087583
087584
087585
087586
087588
087590
087592
087594
087596
087599
087602
087603
087604
087607
087608
087610
087611
087613
087619
087621
087622
087623
087624
087627
087629
087632
087634
087635
087637
087638
087639
087640
087641
087643
087646
087647
087649
087650
087651
087652
087654
087657
087658
087664
087665
087668
087670
087674
087675
087676
087677
087678
087679
087683
087684
087685
087690
087692
087693
087695
087697
087701
087702
087705
087708
087710
087711
087713
087714
087715
087716
087717
087719
087720
087721
087722
087723
087724
087726
087729
087730
087733
087734
087736
087741
087743
087746
087748
087750
087752
087753
087756
087763
087764
087765
087767
087770
087772
087774
087775
087776
087778
087779
087786
087787
087790
087791
087792
087794
087795
087796
087797
087799
087804
087809
087810
087811
087812
087813
087814
087817
087819
087820
087822
087825
087829
087832
087834
087835
087837
087840
087842
087844
087846
087848
087851
087853
087855
087858
087860
087861
087862
087863
087867
087869
087870
087872
087873
087875
087876
087877
087878
087879
087882
087887
087889
087891
087893
087898
087899
087900
087903
087904
087905
087906
087907
087908
087909
087910
087915
087916
087917
087918
087920
087924
087926
087927
087928
087929
087931
087933
087934
087937
087939
087940
087943
087944
087945
087946
087947
087948
087950
087953
087954
087956
087957
087959
087960
087963
087964
087965
087967
087970
087973
087976
087977
087979
087981
087982
087983
087985
087987
087989
087992
087999
088000
088002
088004
088005
088007
088008
088011
088013
088016
088018
088022
088024
088025
088026
088029
088030
088033
088035
088039
088041
088042
088043
088044
088045
088047
088050
088051
088052
088054
088055
088056
088057
088060
088063
088067
088068
088074
088076
088077
088078
088080
088081
088082
088084
088085
088086
088088
088089
088092
088093
088094
088095
088097
088099
088100
088101
088102
088103
088105
088106
088107
088108
088109
088110
088111
088112
088113
088115
088119
088120
088121
088123
088124
088126
088127
088128
088129
088132
088133
088134
088135
088137
088138
088143
088146
088147
088152
088153
088154
088155
088156
088157
088163
088164
088166
088168
088170
088171
088174
088175
088176
088177
088179
088186
088187
088189
088192
088193
088195
088197
088198
088202
088207
088208
088210
088211
088212
088214
088215
088216
088220
088225
088227
088228
088232
088233
088236
088237
088238
088239
088240
088241
088242
088243
088245
088246
088247
088249
088250
088251
088253
088256
088257
088258
088259
088261
088262
088263
088264
088267
088268
088269
088271
088273
088276
088277
088278
088284
088289
088290
088292
088294
088295
088296
088298
088300
088302
088305
088310
088311
088312
088314
088317
088318
088319
088321
088322
088323
088327
088329
088330
088331
088334
088335
088336
088342
088344
088345
088346
088348
088350
088353
088355
088357
088359
088360
088361
088362
088364
088365
088366
088368
088370
088371
088372
088373
088375
088378
088381
088382
088389
088392
088394
088395
088396
088397
088401
088403
088404
088405
088406
088407
088412
088416
088419
088420
088421
088422
088423
088426
088427
088432
088433
088436
088437
088440
088441
088445
088446
088447
088448
088450
088451
088454
088455
088457
088458
088459
088460
088461
088465
088471
088474
088475
088477
088481
088485
088486
088487
088488
088491
088492
088494
088495
088496
088498
088499
088501
088503
088504
088505
088506
088510
088512
088513
088515
088516
088517
088519
088520
088522
088523
088525
088526
088527
088529
088530
088532
088533
088534
088536
088537
088538
088540
088543
088548
088551
088553
088554
088557
088558
088559
088560
088562
088563
088564
088565
088566
088568
088569
088570
088571
088572
088575
088578
088580
088581
088582
088583
088584
088588
088589
088590
088592
088593
088597
088599
088600
088603
088606
088608
088609
088612
088613
088614
088621
088624
088625
088626
088627
088628
088632
088634
088635
088637
088638
088639
088641
088643
088644
088645
088649
088650
088651
088654
088655
088656
088657
088659
088660
088665
088666
088670
088671
088672
088675
088676
088680
088682
088685
088686
088689
088690
088691
088692
088693
088695
088697
088698
088699
088700
088701
088703
088707
088709
088710
088712
088713
088714
088717
088719
088721
088723
088724
088725
088728
088729
088730
088731
088736
088737
088739
088743
088746
088748
088749
088751
088753
088754
088755
088756
088757
088758
088760
088761
088762
088763
088764
088767
088768
088770
088771
088773
088775
088777
088778
088780
088781
088782
088783
088784
088787
088788
088790
088791
088795
088796
088802
088806
088809
088810
088811
088812
088816
088817
088818
088819
088823
088827
088829
088830
088831
088832
088837
088838
088839
088841
088844
088845
088846
088847
088849
088851
088852
088853
088855
088856
088858
088859
088861
088862
088863
088866
088867
088868
088870
088871
088874
088876
088877
088879
088881
088882
088883
088885
088886
088887
088888
088889
088890
088892
088893
088894
088897
088900
088904
088906
088907
088913
088914
088915
088918
088921
088922
088924
088926
088928
088930
088931
088932
088933
088934
088935
088937
088938
088941
088942
088944
088945
088947
088952
088956
088957
088958
088961
088963
088967
088969
088972
088976
088977
088983
088986
088989
088990
088991
088992
088993
088994
088996
088998
088999
089000
089004
089009
089010
089012
089014
089015
089016
089022
089028
089030
089031
089032
089033
089034
089038
089039
089041
089044
089045
089049
089050
089051
089053
089054
089056
089057
089058
089061
089063
089064
089065
089068
089070
089071
089073
089074
089076
089077
089082
089085
089088
089089
089091
089092
089093
089098
089099
089100
089104
089105
089108
089111
089114
089115
089116
089118
089119
089120
089121
089123
089124
089126
089127
089128
089129
089131
089132
089136
089137
089150
089152
089153
089156
089157
089159
089160
089161
089162
089164
089168
089169
089172
089173
089174
089176
089178
089181
089185
089189
089194
089196
089197
089198
089200
089201
089205
089207
089208
089209
089210
089212
089213
089217
089219
089220
089221
089224
089225
089228
089230
089231
089237
089238
089239
089240
089241
089242
089244
089247
089248
089250
089251
089254
089256
089257
089259
089260
089261
089262
089263
089264
089268
089269
089272
089273
089274
089275
089279
089280
089286
089289
089290
089291
089294
089295
089296
089297
089299
089300
089301
089302
089304
089305
089306
089307
089308
089311
089313
089316
089317
089319
089322
089323
089324
089325
089327
089328
089330
089331
089332
089333
089337
089338
089340
089347
089349
089350
089351
089352
089354
089357
089359
089360
089361
089363
089364
089365
089367
089368
089369
089370
089372
089375
089377
089380
089381
089384
089385
089388
089389
089390
089391
089392
089393
089394
089395
089397
089399
089400
089402
089404
089405
089407
089409
089412
089413
089414
089416
089417
089418
089422
089423
089425
089426
089427
089428
089429
089430
089431
089432
089433
089434
089435
089436
089437
089439
089440
089441
089442
089443
089445
089446
089448
089449
089452
089454
089457
089458
089459
089461
089463
089464
089465
089466
089467
089468
089470
089472
089473
089474
089476
089477
089478
089480
089481
089484
089485
089486
089487
089489
089490
089493
089494
089495
089498
089504
089506
089509
089510
089512
089516
089519
089521
089522
089523
089524
089527
089529
089530
089531
089533
089534
089535
089540
089541
089543
089544
089545
089546
089548
089549
089554
089555
089557
089560
089564
089565
089566
089569
089572
089573
089578
089584
089586
089588
089589
089592
089593
089594
089595
089598
089601
089602
089605
089606
089607
089608
089609
089611
089615
089618
089619
089622
089623
089624
089627
089628
089630
089634
089636
089637
089638
089639
089640
089645
089646
089649
089650
089651
089652
089654
089655
089657
089658
089660
089661
089662
089663
089665
089668
089669
089671
089673
089676
089677
089679
089685
089686
089687
089688
089690
089694
089696
089701
089702
089705
089708
089711
089712
089713
089715
089723
089724
089725
089726
089727
089729
089732
089733
089734
089735
089738
089739
089741
089744
089746
089748
089749
089750
089752
089753
089754
089755
089756
089758
089759
089760
089761
089764
089767
089768
089769
089772
089773
089777
089778
089780
089781
089782
089783
089785
089786
089787
089789
089792
089793
089794
089795
089797
089798
089800
089801
089805
089809
089810
089811
089812
089814
089820
089821
089822
089824
089825
089827
089829
089830
089832
089833
089836
089841
089842
089844
089846
089847
089848
089849
089850
089851
089852
089855
089858
089859
089860
089864
089866
089867
089868
089869
089870
089873
089875
089877
089878
089879
089886
089891
089892
089893
089894
089896
089899
089902
089908
089909
089911
089912
089916
089917
089919
089920
089921
089923
089924
089925
089926
089928
089930
089931
089932
089935
089936
089939
089941
089943
089944
089947
089952
089953
089955
089956
089962
089963
089965
089966
089967
089968
089969
089970
089971
089972
089974
089975
089976
089978
089979
089982
089984
089985
089989
089991
089993
089994
089996
089997
090002
090004
090006
090007
090008
090009
090010
090011
090013
090014
090016
090018
090019
090020
090021
090022
090023
090025
090026
090028
090033
090035
090036
090037
090041
090045
090046
090047
090049
090050
090054
090055
090056
090057
090061
090062
090063
090064
090065
090067
090068
090071
090076
090077
090079
090080
090083
090087
090088
090091
090092
090094
090097
090098
090100
090102
090103
090104
090105
090107
090112
090113
090114
090116
090118
090120
090121
090122
090124
090125
090126
090127
090129
090130
090132
090135
090136
090138
090142
090143
090144
090147
090149
090150
090152
090154
090155
090156
090157
090162
090163
090165
090166
090167
090168
090171
090173
090174
090177
090179
090181
090183
090184
090190
090191
090192
090194
090196
090197
090199
090200
090202
090204
090206
090212
090214
090216
090219
090221
090222
090226
090228
090229
090230
090232
090235
090236
090238
090239
090240
090241
090242
090243
090244
090246
090247
090254
090255
090257
090259
090260
090261
090266
090267
090268
090269
090270
090271
090272
090276
090278
090279
090285
090287
090289
090291
090292
090294
090296
090297
090298
090299
090300
090302
090304
090306
090308
090309
090310
090311
090313
090314
090316
090317
090319
090320
090324
090326
090329
090333
090334
090335
090336
090337
090341
090343
090344
090347
090348
090350
090354
090355
090357
090359
090361
090362
090363
090365
090366
090367
090369
090371
090374
090379
090380
090383
090384
090385
090386
090387
090390
090395
090397
090398
090399
090400
090402
090403
090404
090405
090409
090411
090412
090414
090422
090428
090429
090433
090435
090437
090440
090441
090445
090447
090448
090452
090453
090458
090460
090461
090462
090463
090467
090471
090474
090475
090477
090478
090480
090482
090485
090487
090488
090489
090491
090492
090493
090496
090498
090500
090501
090502
090503
090504
090508
090509
090513
090518
090520
090522
090524
090525
090526
090527
090528
090529
090530
090531
090532
090533
090535
090536
090537
090538
090539
090541
090545
090548
090553
090554
090555
090556
090558
090559
090560
090563
090564
090565
090567
090569
090571
090573
090574
090575
090577
090578
090580
090581
090584
090586
090587
090588
090590
090592
090594
090597
090598
090599
090600
090601
090603
090607
090609
090611
090612
090613
090614
090615
090617
090620
090622
090623
090624
090627
090632
090633
090636
090639
090640
090642
090645
090649
090650
090656
090657
090660
090661
090662
090663
090666
090668
090669
090670
090676
090677
090680
090685
090687
090688
090692
090695
090697
090702
090703
090704
090706
090707
090708
090709
090710
090711
090712
090713
090714
090716
090717
090718
090719
090722
090723
090724
090726
090727
090728
090729
090732
090735
090737
090739
090740
090741
090744
090746
090747
090748
090750
090751
090752
090753
090759
090760
090763
090764
090767
090769
090771
090774
090776
090777
090781
090782
090783
090784
090788
090790
090791
090792
090793
090794
090795
090797
090799
090800
090802
090803
090806
090808
090814
090815
090817
090818
090819
090821
090822
090824
090827
090830
090831
090834
090838
090840
090842
090844
090846
090847
090851
090853
090855
090856
090857
090859
090861
090862
090863
090864
090866
090868
090869
090870
090871
090880
090881
090882
090883
090884
090885
090886
090887
090888
090889
090891
090895
090896
090902
090905
090907
090911
090912
090914
090915
090917
090918
090922
090924
090925
090926
090927
090928
090929
090933
090934
090936
090937
090938
090939
090940
090942
090945
090946
090949
090952
090953
090954
090955
090957
090959
090960
090964
090965
090966
090970
090972
090973
090975
090976
090977
090978
090981
090984
090987
090988
090989
090990
090991
090993
090994
090995
090998
090999
091000
091001
091003
091005
091006
091008
091016
091017
091018
091019
091020
091021
091022
091023
091024
091025
091026
091027
091028
091030
091035
091037
091039
091042
091044
091047
091049
091051
091053
091054
091055
091056
091057
091059
091065
091066
091068
091071
091072
091074
091075
091077
091078
091079
091080
091081
091084
091086
091088
091089
091090
091094
091099
091103
091105
091112
091113
091114
091115
091119
091123
091124
091125
091126
091128
091130
091131
091134
091135
091136
091138
091141
091142
091144
091145
091149
091150
091151
091153
091155
091156
091159
091162
091163
091164
091166
091169
091170
091172
091175
091180
091181
091182
091183
091184
091189
091190
091191
091195
091196
091197
091198
091199
091200
091202
091203
091204
091207
091208
091210
091211
091214
091216
091217
091220
091225
091227
091228
091230
091231
091232
091235
091236
091237
091238
091239
091242
091243
091244
091245
091246
091253
091254
091255
091256
091258
091259
091264
091265
091267
091268
091271
091272
091275
091277
091278
091279
091280
091281
091285
091287
091288
091291
091292
091293
091298
091299
091302
091304
091305
091306
091310
091311
091313
091314
091318
091321
091323
091324
091326
091327
091328
091330
091335
091338
091339
091340
091341
091342
091345
091347
091353
091354
091355
091359
091360
091363
091365
091366
091371
091374
091376
091380
091381
091382
091385
091387
091389
091392
091394
091396
091399
091405
091406
091407
091412
091413
091416
091417
091418
091423
091424
091426
091427
091428
091429
091430
091431
091432
091433
091434
091435
091440
091441
091443
091447
091450
091451
091454
091459
091461
091462
091465
091466
091467
091468
091469
091471
091472
091473
091479
091481
091482
091484
091485
091486
091489
091491
091492
091494
091495
091496
091498
091499
091501
091502
091503
091504
091505
091507
091511
091514
091515
091517
091521
091522
091523
091525
091526
091528
091529
091530
091538
091539
091540
091541
091542
091545
091546
091548
091549
091556
091558
091559
091560
091561
091562
091563
091564
091565
091568
091569
091575
091576
091579
091580
091582
091583
091584
091587
091589
091591
091592
091594
091596
091599
091600
091601
091602
091603
091607
091610
091611
091612
091613
091614
091617
091619
091621
091623
091624
091627
091631
091632
091634
091635
091637
091639
091641
091642
091647
091648
091649
091650
091651
091652
091653
091654
091655
091656
091659
091660
091661
091666
091668
091669
091670
091671
091673
091676
091677
091679
091680
091684
091685
091688
091690
091693
091694
091695
091696
091698
091699
091700
091701
091703
091706
091707
091708
091709
091710
091711
091713
091714
091719
091723
091725
091729
091730
091734
091737
091738
091739
091740
091743
091744
091745
091746
091751
091752
091753
091754
091757
091759
091760
091761
091762
091766
091767
091769
091770
091771
091772
091774
091779
091782
091783
091786
091787
091788
091791
091792
091794
091796
091798
091800
091803
091808
091809
091810
091815
091819
091821
091825
091829
091830
091831
091832
091835
091838
091841
091842
091843
091844
091846
091847
091849
091850
091851
091853
091854
091855
091859
091860
091863
091864
091865
091869
091870
091871
091872
091874
091876
091879
091880
091881
091882
091885
091892
091893
091894
091896
091898
091901
091902
091903
091904
091905
091908
091911
091912
091914
091919
091921
091922
091923
091925
091927
091931
091932
091935
091936
091937
091938
091939
091940
091942
091943
091948
091949
091951
091954
091956
091959
091962
091963
091965
091968
091969
091970
091971
091972
091973
091975
091976
091979
091981
091985
091987
091988
091989
091990
091992
091996
091997
091998
091999
092000
092002
092003
092004
092005
092007
092008
092009
092010
092014
092016
092018
092020
092022
092024
092025
092026
092027
092028
092037
092038
092040
092041
092042
092043
092047
092049
092050
092051
092053
092056
092057
092059
092062
092063
092064
092065
092066
092068
092069
092070
092074
092075
092076
092077
092078
092079
092080
092081
092083
092085
092091
092094
092099
092102
092103
092104
092105
092107
092109
092110
092113
092114
092117
092118
092119
092120
092125
092127
092130
092131
092133
092135
092139
092141
092144
092149
092150
092152
092153
092154
092156
092157
092158
092159
092160
092168
092169
092171
092173
092174
092175
092177
092178
092180
092181
092183
092184
092185
092187
092193
092194
092195
092196
092199
092201
092202
092204
092206
092208
092210
092213
092215
092218
092219
092220
092222
092224
092225
092226
092227
092228
092229
092231
092232
092234
092235
092236
092238
092239
092243
092244
092247
092248
092250
092251
092253
092256
092257
092259
092264
092268
092270
092272
092274
092275
092276
092278
092280
092281
092282
092284
092285
092286
092287
092288
092290
092291
092292
092297
092298
092302
092309
092312
092313
092315
092319
092321
092322
092323
092325
092326
092327
092331
092333
092336
092337
092339
092340
092342
092344
092345
092348
092354
092356
092357
092362
092363
092364
092368
092369
092370
092371
092373
092374
092375
092377
092384
092386
092387
092388
092389
092390
092393
092402
092403
092405
092406
092409
092410
092411
092412
092415
092417
092418
092419
092420
092423
092425
092431
092433
092436
092437
092438
092439
092445
092448
092450
092451
092452
092454
092457
092459
092463
092464
092465
092466
092467
092473
092474
092481
092483
092484
092486
092488
092489
092492
092495
092497
092500
092502
092503
092504
092508
092509
092510
092512
092513
092516
092517
092519
092520
092521
092522
092523
092524
092526
092531
092532
092533
092535
092536
092538
092539
092541
092543
092545
092546
092547
092548
092550
092551
092552
092556
092558
092559
092560
092561
092564
092566
092569
092571
092573
092576
092580
092581
092582
092586
092587
092591
092595
092598
092600
092601
092602
092603
092609
092610
092611
092612
092613
092614
092615
092617
092618
092621
092622
092623
092624
092625
092628
092629
092630
092631
092632
092634
092635
092636
092637
092638
092639
092641
092642
092643
092645
092646
092651
092653
092654
092657
092658
092659
092660
092662
092664
092665
092666
092667
092668
092669
092671
092674
092678
092683
092686
092688
092689
092690
092691
092694
092695
092697
092700
092702
092705
092707
092711
092712
092713
092714
092715
092717
092720
092721
092722
092724
092725
092727
092728
092732
092733
092735
092736
092740
092742
092745
092747
092748
092749
092753
092755
092756
092757
092759
092760
092762
092763
092765
092766
092767
092768
092769
092772
092773
092776
092777
092782
092787
092789
092792
092793
092799
092800
092801
092802
092803
092804
092805
092808
092809
092811
092812
092813
092814
092816
092817
092818
092819
092821
092824
092826
092828
092830
092831
092833
092836
092838
092840
092841
092844
092845
092849
092851
092852
092853
092854
092855
092856
092858
092861
092863
092864
092865
092867
092870
092871
092875
092878
092882
092885
092886
092888
092890
092891
092892
092895
092896
092898
092899
092901
092902
092904
092906
092907
092908
092912
092913
092914
092915
092917
092920
092921
092922
092926
092929
092932
092933
092934
092936
092937
092940
092941
092944
092945
092946
092947
092949
092955
092957
092960
092964
092965
092966
092968
092970
092972
092973
092974
092976
092977
092978
092980
092981
092982
092983
092984
092986
092990
092991
092996
092998
092999
093000
093002
093003
093004
093007
093009
093012
093014
093018
093022
093028
093032
093033
093034
093035
093036
093038
093040
093041
093042
093043
093045
093046
093047
093048
093050
093052
093053
093056
093058
093059
093060
093067
093068
093071
093072
093073
093074
093076
093077
093078
093079
093080
093082
093083
093084
093087
093088
093089
093090
093092
093094
093095
093096
093097
093100
093105
093106
093107
093110
093111
093112
093113
093115
093118
093120
093121
093123
093124
093125
093130
093134
093136
093137
093139
093140
093142
093143
093144
093149
093151
093153
093155
093156
093158
093161
093162
093164
093165
093168
093169
093170
093171
093174
093175
093176
093177
093178
093179
093182
093185
093186
093189
093190
093191
093192
093193
093194
093195
093198
093199
093201
093202
093204
093206
093207
093208
093209
093210
093212
093213
093216
093220
093221
093222
093223
093225
093226
093227
093228
093229
093230
093231
093233
093234
093235
093236
093238
093242
093245
093246
093247
093248
093252
093254
093255
093257
093259
093262
093263
093264
093265
093267
093269
093275
093276
093277
093282
093284
093286
093288
093289
093294
093296
093297
093299
093300
093301
093302
093305
093306
093309
093311
093312
093313
093314
093316
093318
093319
093320
093321
093324
093325
093326
093328
093331
093334
093337
093339
093341
093342
093343
093345
093348
093350
093351
093353
093355
093356
093358
093359
093362
093364
093365
093367
093369
093370
093372
093373
093374
093376
093383
093387
093389
093391
093394
093395
093400
093402
093404
093405
093406
093407
093408
093412
093416
093417
093418
093421
093422
093424
093427
093428
093436
093438
093439
093440
093443
093446
093450
093451
093458
093460
093464
093467
093473
093476
093478
093479
093481
093482
093485
093488
093490
093493
093494
093495
093498
093502
093503
093504
093505
093506
093507
093509
093511
093512
093515
093517
093518
093520
093521
093522
093525
093526
093527
093528
093529
093532
093533
093534
093536
093537
093540
093542
093543
093544
093545
093546
093547
093548
093549
093551
093552
093553
093554
093556
093557
093558
093565
093567
093568
093570
093571
093572
093573
093574
093576
093577
093578
093581
093585
093587
093590
093591
093594
093596
093597
093600
093603
093604
093607
093610
093612
093613
093614
093615
093617
093618
093619
093622
093625
093626
093629
093630
093631
093632
093633
093634
093636
093637
093640
093643
093647
093650
093651
093655
093656
093659
093661
093662
093666
093667
093669
093672
093678
093679
093683
093685
093687
093689
093690
093691
093692
093693
093694
093697
093700
093702
093703
093704
093705
093706
093709
093710
093712
093713
093714
093715
093716
093718
093720
093721
093722
093726
093727
093728
093729
093730
093731
093735
093737
093738
093739
093742
093744
093745
093747
093748
093749
093751
093753
093754
093756
093763
093766
093767
093768
093775
093776
093778
093780
093781
093784
093785
093788
093789
093790
093791
093793
093798
093799
093800
093802
093804
093805
093807
093808
093809
093810
093812
093813
093816
093817
093818
093821
093822
093830
093831
093833
093834
093835
093837
093842
093848
093849
093851
093855
093856
093860
093864
093865
093866
093867
093870
093873
093875
093878
093879
093883
093884
093885
093887
093890
093891
093892
093893
093894
093895
093896
093897
093900
093901
093902
093903
093905
093907
093908
093909
093912
093914
093916
093917
093918
093919
093922
093923
093929
093932
093936
093937
093941
093944
093947
093948
093949
093952
093957
093959
093961
093962
093963
093965
093969
093975
093976
093977
093984
093985
093986
093990
093993
093995
093996
093997
094000
094001
094005
094008
094010
094011
094014
094015
094016
094018
094019
094022
094023
094024
094026
094027
094028
094031
094034
094035
094036
094037
094038
094040
094042
094044
094046
094047
094051
094053
094055
094056
094057
094059
094060
094064
094067
094068
094070
094071
094074
094076
094077
094079
094080
094081
094082
094084
094085
094087
094088
094089
094090
094092
094093
094094
094097
094098
094101
094105
094106
094108
094110
094111
094112
094113
094115
094116
094118
094120
094122
094123
094124
094125
094126
094127
094128
094129
094130
094131
094134
094136
094137
094139
094142
094143
094146
094150
094153
094154
094157
094160
094162
094163
094168
094169
094170
094171
094172
094174
094175
094176
094179
094180
094181
094182
094184
094185
094188
094190
094194
094196
094197
094198
094200
094201
094203
094204
094205
094206
094207
094211
094212
094213
094214
094218
094219
094222
094223
094224
094225
094227
094228
094229
094230
094231
094232
094233
094234
094239
094240
094241
094243
094244
094247
094248
094249
094250
094251
094253
094254
094255
094265
094269
094270
094271
094273
094274
094275
094276
094277
094278
094279
094280
094286
094287
094289
094291
094292
094294
094298
094300
094304
094306
094307
094309
094310
094312
094318
094319
094321
094323
094325
094326
094329
094331
094333
094334
094335
094336
094338
094339
094340
094341
094342
094343
094344
094345
094346
094349
094351
094353
094354
094355
094357
094358
094359
094362
094364
094366
094367
094369
094373
094374
094375
094376
094377
094378
094379
094382
094383
094384
094385
094386
094387
094388
094391
094392
094394
094396
094397
094398
094399
094400
094402
094404
094408
094410
094411
094416
094417
094418
094419
094422
094424
094425
094427
094428
094430
094432
094436
094437
094439
094441
094443
094444
094445
094446
094447
094448
094452
094454
094455
094457
094461
094462
094464
094466
094467
094468
094469
094470
094472
094474
094476
094479
094480
094484
094486
094488
094492
094495
094496
094498
094499
094501
094504
094505
094507
094508
094510
094511
094512
094513
094515
094519
094523
094526
094527
094530
094531
094532
094536
094539
094541
094548
094554
094556
094557
094559
094560
094562
094563
094565
094567
094568
094569
094570
094573
094578
094580
094585
094586
094587
094588
094591
094592
094594
094596
094597
094599
094600
094601
094603
094604
094606
094607
094610
094611
094613
094614
094615
094616
094617
094618
094619
094621
094624
094625
094626
094627
094628
094630
094635
094636
094638
094641
094642
094643
094646
094647
094648
094651
094655
094657
094660
094662
094663
094664
094667
094671
094675
094676
094677
094678
094679
094682
094683
094685
094686
094687
094690
094691
094693
094696
094698
094700
094701
094702
094706
094708
094712
094716
094721
094722
094723
094724
094726
094728
094730
094731
094732
094734
094735
094736
094742
094744
094745
094746
094747
094748
094749
094750
094751
094756
094761
094763
094765
094767
094769
094770
094771
094772
094773
094774
094775
094778
094780
094781
094782
094783
094784
094785
094786
094787
094788
094792
094793
094796
094798
094801
094802
094805
094810
094815
094816
094818
094819
094821
094823
094824
094825
094826
094827
094830
094832
094833
